symbol,timestamp,open,high,low,close,volume
BTC/USD,2022-01-01 06:00:00+00:00,47190.56,47950.0,46722.08,47095.67,468.152221
BTC/USD,2022-01-02 06:00:00+00:00,47087.56,47992.0,46668.46,47098.88,443.889422
BTC/USD,2022-01-03 06:00:00+00:00,47102.58,47568.95,45700.83,46154.6,783.384691
BTC/USD,2022-01-04 06:00:00+00:00,46153.0,47527.78,45547.55,46314.83,850.111475
BTC/USD,2022-01-05 06:00:00+00:00,46303.77,47066.7,42460.0,43051.65,1882.128273
BTC/USD,2022-01-06 06:00:00+00:00,43061.81,43588.75,40957.53,41846.64,1166.578757
BTC/USD,2022-01-07 06:00:00+00:00,41842.24,42758.62,40618.07,41979.2,1155.400932
BTC/USD,2022-01-08 06:00:00+00:00,41975.42,42317.98,40500.0,41764.21,1046.241144
BTC/USD,2022-01-09 06:00:00+00:00,41767.53,42799.57,41200.02,42035.32,625.424101
BTC/USD,2022-01-10 06:00:00+00:00,42036.19,42394.19,39648.0,42116.32,1845.296197
BTC/USD,2022-01-11 06:00:00+00:00,42114.04,43123.93,41278.35,42716.29,955.261985
BTC/USD,2022-01-12 06:00:00+00:00,42725.68,44344.9,42483.94,43699.9,805.675808
BTC/USD,2022-01-13 06:00:00+00:00,43700.28,44443.98,42328.87,42925.15,907.780937
BTC/USD,2022-01-14 06:00:00+00:00,42918.83,43466.46,41775.37,43011.48,814.671455
BTC/USD,2022-01-15 06:00:00+00:00,43017.4,43828.92,42583.22,42984.07,506.49202
BTC/USD,2022-01-16 06:00:00+00:00,42980.16,43500.58,42356.09,42687.9,424.308617
BTC/USD,2022-01-17 06:00:00+00:00,42699.64,42981.89,41560.87,42133.21,502.989822
BTC/USD,2022-01-18 06:00:00+00:00,42128.58,42683.51,41289.0,41772.61,713.969584
BTC/USD,2022-01-19 06:00:00+00:00,41785.29,42579.07,41157.84,41904.53,952.102386
BTC/USD,2022-01-20 06:00:00+00:00,41905.29,43506.83,38240.27,38913.96,1932.446179
BTC/USD,2022-01-21 06:00:00+00:00,38921.99,39291.1,35427.64,35748.15,2331.879032
BTC/USD,2022-01-22 06:00:00+00:00,35747.5,36179.48,34035.0,35455.29,2053.245074
BTC/USD,2022-01-23 06:00:00+00:00,35455.77,36518.24,34613.42,35203.46,1323.120097
BTC/USD,2022-01-24 06:00:00+00:00,35194.26,37569.72,32946.89,36079.09,2839.002488
BTC/USD,2022-01-25 06:00:00+00:00,36068.33,37997.03,35714.9,37631.76,1623.059634
BTC/USD,2022-01-26 06:00:00+00:00,37631.08,38941.17,35543.39,35995.17,1964.482808
BTC/USD,2022-01-27 06:00:00+00:00,35989.98,37470.31,35538.87,37210.23,1193.308829
BTC/USD,2022-01-28 06:00:00+00:00,37223.53,38041.21,36170.53,37672.33,1013.905687
BTC/USD,2022-01-29 06:00:00+00:00,37680.0,38731.67,37326.62,38148.42,690.310575
BTC/USD,2022-01-30 06:00:00+00:00,38148.33,38379.31,36647.99,37022.16,596.756204
BTC/USD,2022-01-31 06:00:00+00:00,37019.73,38756.97,36826.75,38466.1,964.833568
BTC/USD,2022-02-01 06:00:00+00:00,38472.44,39309.84,38025.31,38432.44,1129.826053
BTC/USD,2022-02-02 06:00:00+00:00,38428.51,38790.94,36601.75,37019.69,941.805378
BTC/USD,2022-02-03 06:00:00+00:00,37024.23,37709.14,36262.39,37559.32,729.715871
BTC/USD,2022-02-04 06:00:00+00:00,37571.11,41957.28,37319.29,41559.27,1382.147131
BTC/USD,2022-02-05 06:00:00+00:00,41553.79,41929.78,40962.34,41603.16,471.590878
BTC/USD,2022-02-06 06:00:00+00:00,41603.04,43026.31,41141.25,42808.97,693.580041
BTC/USD,2022-02-07 06:00:00+00:00,42845.91,45076.86,42273.54,44922.53,1075.29236
BTC/USD,2022-02-08 06:00:00+00:00,44915.54,45520.37,42707.16,43630.9,1262.684811
BTC/USD,2022-02-09 06:00:00+00:00,43624.61,44848.48,43226.82,43908.52,698.339978
BTC/USD,2022-02-10 06:00:00+00:00,43920.64,45851.22,42534.8,42857.47,1482.445413
BTC/USD,2022-02-11 06:00:00+00:00,42870.57,43975.63,41980.01,42287.73,859.906381
BTC/USD,2022-02-12 06:00:00+00:00,42301.15,43049.5,41753.43,42293.59,414.428426
BTC/USD,2022-02-13 06:00:00+00:00,42295.45,42782.0,41560.0,41801.85,408.836373
BTC/USD,2022-02-14 06:00:00+00:00,41794.7,43799.22,41755.53,43599.68,708.082073
BTC/USD,2022-02-15 06:00:00+00:00,43594.31,44775.12,43551.97,44086.16,643.75953
BTC/USD,2022-02-16 06:00:00+00:00,44080.26,44394.97,43331.71,43644.18,605.265661
BTC/USD,2022-02-17 06:00:00+00:00,43642.14,44046.03,40075.37,40658.25,1166.717533
BTC/USD,2022-02-18 06:00:00+00:00,40642.9,41126.49,39454.41,40266.48,664.2047
BTC/USD,2022-02-19 06:00:00+00:00,40269.12,40469.58,39308.33,39377.02,341.226104
BTC/USD,2022-02-20 06:00:00+00:00,39370.59,39499.99,38006.12,39247.78,640.556484
BTC/USD,2022-02-21 06:00:00+00:00,39245.44,39377.77,36373.73,36767.9,1474.165083
BTC/USD,2022-02-22 06:00:00+00:00,36742.61,38445.03,36546.21,37992.78,882.321697
BTC/USD,2022-02-23 06:00:00+00:00,37996.86,39269.22,34317.34,34686.3,1266.537923
BTC/USD,2022-02-24 06:00:00+00:00,34686.3,39700.0,34397.35,38465.96,1746.053067
BTC/USD,2022-02-25 06:00:00+00:00,38466.03,40296.05,38012.92,39045.11,983.435303
BTC/USD,2022-02-26 06:00:00+00:00,39037.7,39694.97,38212.43,38608.91,447.119922
BTC/USD,2022-02-27 06:00:00+00:00,38598.55,39884.49,37010.72,37839.37,671.71943
BTC/USD,2022-02-28 06:00:00+00:00,37852.38,44259.41,37475.03,43229.15,1412.459176
BTC/USD,2022-03-01 06:00:00+00:00,43224.42,45000.0,42815.84,44283.36,1122.467779
BTC/USD,2022-03-02 06:00:00+00:00,44302.03,45321.42,43236.53,43351.87,844.934097
BTC/USD,2022-03-03 06:00:00+00:00,43343.07,44103.62,41071.0,41381.64,987.526989
BTC/USD,2022-03-04 06:00:00+00:00,41379.2,41907.21,38568.18,39020.96,1069.260188
BTC/USD,2022-03-05 06:00:00+00:00,39019.55,39720.38,38816.74,39505.8,400.495882
BTC/USD,2022-03-06 06:00:00+00:00,39506.49,39619.98,37577.62,38028.52,661.143065
BTC/USD,2022-03-07 06:00:00+00:00,38025.81,39552.31,37166.01,38363.41,1052.591573
BTC/USD,2022-03-08 06:00:00+00:00,38358.49,41883.58,38008.27,41514.18,1252.461647
BTC/USD,2022-03-09 06:00:00+00:00,41521.53,42590.08,38900.0,39219.08,1364.981479
BTC/USD,2022-03-10 06:00:00+00:00,39235.64,40301.73,38200.2,38792.23,1181.691366
BTC/USD,2022-03-11 06:00:00+00:00,38784.61,40250.0,38316.0,39167.75,831.507763
BTC/USD,2022-03-12 06:00:00+00:00,39172.76,39439.78,38666.67,39109.36,301.549334
BTC/USD,2022-03-13 06:00:00+00:00,39126.46,39198.04,37572.51,38520.99,576.983541
BTC/USD,2022-03-14 05:00:00+00:00,38524.89,39917.89,38422.55,38783.83,748.12453
BTC/USD,2022-03-15 05:00:00+00:00,38781.41,41700.0,38139.49,39124.91,1267.403143
BTC/USD,2022-03-16 05:00:00+00:00,39123.78,41477.14,38994.21,41359.77,1416.657713
BTC/USD,2022-03-17 05:00:00+00:00,41338.39,41479.42,40279.94,40642.32,532.547277
BTC/USD,2022-03-18 05:00:00+00:00,40643.53,42364.12,40174.08,41825.27,709.36359
BTC/USD,2022-03-19 05:00:00+00:00,41826.79,42417.0,41570.01,41872.51,384.773382
BTC/USD,2022-03-20 05:00:00+00:00,41879.19,42033.19,40509.08,40893.29,516.307215
BTC/USD,2022-03-21 05:00:00+00:00,40887.01,43347.0,40761.58,43001.37,853.071637
BTC/USD,2022-03-22 05:00:00+00:00,43001.36,43220.9,41768.85,41938.05,827.151998
BTC/USD,2022-03-23 05:00:00+00:00,41969.42,43288.22,41814.58,42922.54,847.284152
BTC/USD,2022-03-24 05:00:00+00:00,42922.54,44422.34,42610.84,44115.03,796.889511
BTC/USD,2022-03-25 05:00:00+00:00,44117.62,45112.84,43596.62,44423.78,554.873297
BTC/USD,2022-03-26 05:00:00+00:00,44428.97,44951.37,44166.92,44598.15,269.370687
BTC/USD,2022-03-27 05:00:00+00:00,44599.91,47623.0,44445.55,47144.34,804.344856
BTC/USD,2022-03-28 05:00:00+00:00,47137.15,48223.41,46770.45,47621.59,847.692272
BTC/USD,2022-03-29 05:00:00+00:00,47627.09,48109.83,46548.76,47252.33,567.038334
BTC/USD,2022-03-30 05:00:00+00:00,47251.28,47719.21,46849.99,47034.98,484.801751
BTC/USD,2022-03-31 05:00:00+00:00,47031.64,47631.47,44244.26,44666.12,844.465993
BTC/USD,2022-04-01 05:00:00+00:00,44664.21,47221.58,44588.13,46555.26,629.246392
BTC/USD,2022-04-02 05:00:00+00:00,46560.29,46954.67,45550.81,46378.61,461.042445
BTC/USD,2022-04-03 05:00:00+00:00,46381.7,47468.61,45768.46,46091.15,570.232042
BTC/USD,2022-04-04 05:00:00+00:00,46092.99,46899.0,45126.58,46775.38,644.176869
BTC/USD,2022-04-05 05:00:00+00:00,46768.34,47196.13,44419.86,45341.5,862.482322
BTC/USD,2022-04-06 05:00:00+00:00,45350.88,45516.04,42737.09,43406.31,992.126322
BTC/USD,2022-04-07 05:00:00+00:00,43393.23,43902.31,43033.82,43546.71,548.248638
BTC/USD,2022-04-08 05:00:00+00:00,43549.84,43983.5,42113.47,42413.84,798.860327
BTC/USD,2022-04-09 05:00:00+00:00,42442.29,42904.32,42195.48,42762.86,208.513808
BTC/USD,2022-04-10 05:00:00+00:00,42757.45,43426.23,41770.87,42261.84,608.577313
BTC/USD,2022-04-11 05:00:00+00:00,42270.64,42367.65,39215.26,39916.41,1308.542007
BTC/USD,2022-04-12 05:00:00+00:00,39925.94,40700.99,39263.15,40131.3,1227.543204
BTC/USD,2022-04-13 05:00:00+00:00,40139.0,41570.02,39627.11,41297.27,1116.941681
BTC/USD,2022-04-14 05:00:00+00:00,41297.22,41363.27,39572.24,40112.51,656.928988
BTC/USD,2022-04-15 05:00:00+00:00,40114.0,40861.77,39954.45,40548.26,546.807225
BTC/USD,2022-04-16 05:00:00+00:00,40544.92,40700.0,40005.67,40287.01,322.944471
BTC/USD,2022-04-17 05:00:00+00:00,40299.7,40607.0,38698.8,38835.3,693.391581
BTC/USD,2022-04-18 05:00:00+00:00,38830.29,41269.84,38541.31,40863.31,1174.704948
BTC/USD,2022-04-19 05:00:00+00:00,40874.23,41800.0,40568.67,41357.48,524.31559
BTC/USD,2022-04-20 05:00:00+00:00,41357.48,42205.43,40900.0,41621.49,751.20176
BTC/USD,2022-04-21 05:00:00+00:00,41621.49,42984.15,39771.6,40634.05,1164.786881
BTC/USD,2022-04-22 05:00:00+00:00,40638.22,40799.14,39172.34,39542.31,765.828943
BTC/USD,2022-04-23 05:00:00+00:00,39535.74,39984.61,39338.25,39724.93,307.472439
BTC/USD,2022-04-24 05:00:00+00:00,39715.13,39948.83,38694.49,39149.25,696.074172
BTC/USD,2022-04-25 05:00:00+00:00,39153.57,40777.75,38208.21,40562.9,1229.509078
BTC/USD,2022-04-26 05:00:00+00:00,40570.52,40804.22,37700.0,38408.1,1282.791621
BTC/USD,2022-04-27 05:00:00+00:00,38404.7,39700.0,38366.6,39398.73,926.539363
BTC/USD,2022-04-28 05:00:00+00:00,39398.17,40379.84,38869.44,39544.13,929.715552
BTC/USD,2022-04-29 05:00:00+00:00,39540.24,39630.88,38172.21,38561.01,731.90828
BTC/USD,2022-04-30 05:00:00+00:00,38568.19,38780.87,37396.09,37964.05,517.99151
BTC/USD,2022-05-01 05:00:00+00:00,37971.35,39121.71,37684.19,38986.47,548.832114
BTC/USD,2022-05-02 05:00:00+00:00,38978.38,39162.85,38037.28,38491.42,760.12401
BTC/USD,2022-05-03 05:00:00+00:00,38494.6,38641.84,37517.66,37986.2,618.481216
BTC/USD,2022-05-04 05:00:00+00:00,37985.03,40020.0,37964.61,39741.08,931.876794
BTC/USD,2022-05-05 05:00:00+00:00,39742.64,39838.15,35605.89,36425.39,1522.981183
BTC/USD,2022-05-06 05:00:00+00:00,36424.11,36538.04,35253.47,35720.5,1046.605855
BTC/USD,2022-05-07 05:00:00+00:00,35738.14,36128.72,34202.0,34391.43,836.709588
BTC/USD,2022-05-08 05:00:00+00:00,34393.54,34932.14,33271.73,33631.03,1012.694368
BTC/USD,2022-05-09 05:00:00+00:00,33637.31,33765.97,29735.97,31218.29,3850.732284
BTC/USD,2022-05-10 05:00:00+00:00,31213.97,32640.49,30160.84,31203.5,3447.659023
BTC/USD,2022-05-11 05:00:00+00:00,31207.79,32126.51,26991.0,27647.5,5592.431365
BTC/USD,2022-05-12 05:00:00+00:00,27640.54,30716.22,25455.46,30375.49,3425.552947
BTC/USD,2022-05-13 05:00:00+00:00,30380.61,30980.0,29150.0,29295.69,1588.624046
BTC/USD,2022-05-14 05:00:00+00:00,29299.98,30290.64,28577.93,29560.07,784.677598
BTC/USD,2022-05-15 05:00:00+00:00,29571.49,31415.48,29455.2,30293.77,1188.858761
BTC/USD,2022-05-16 05:00:00+00:00,30292.25,30470.0,29050.01,30345.13,1583.792585
BTC/USD,2022-05-17 05:00:00+00:00,30338.89,30733.0,29421.8,29797.5,1297.84626
BTC/USD,2022-05-18 05:00:00+00:00,29793.07,30060.8,28612.14,29063.05,1640.044029
BTC/USD,2022-05-19 05:00:00+00:00,29054.97,30726.41,28824.43,30062.69,1420.147955
BTC/USD,2022-05-20 05:00:00+00:00,30062.66,30512.0,28692.45,29218.22,1615.345154
BTC/USD,2022-05-21 05:00:00+00:00,29217.17,29614.37,29119.19,29249.95,458.5981
BTC/USD,2022-05-22 05:00:00+00:00,29250.09,30456.52,29250.09,30101.13,912.80936
BTC/USD,2022-05-23 05:00:00+00:00,30099.54,30634.92,28843.86,29309.4,1538.251495
BTC/USD,2022-05-24 05:00:00+00:00,29329.67,30184.03,28638.51,30065.69,1368.90144
BTC/USD,2022-05-25 05:00:00+00:00,30067.9,30109.37,29308.57,29738.5,1194.573761
BTC/USD,2022-05-26 05:00:00+00:00,29736.08,29820.0,28002.0,28891.2,2446.717862
BTC/USD,2022-05-27 05:00:00+00:00,28889.93,29352.61,28242.84,28804.55,1759.875459
BTC/USD,2022-05-28 05:00:00+00:00,28803.11,29233.2,28729.44,28919.16,494.156946
BTC/USD,2022-05-29 05:00:00+00:00,28910.76,30400.88,28891.21,30303.09,1062.096958
BTC/USD,2022-05-30 05:00:00+00:00,30303.87,32193.14,30237.44,31668.48,2167.496153
BTC/USD,2022-05-31 05:00:00+00:00,31670.96,32409.14,31197.67,31540.29,1692.578428
BTC/USD,2022-06-01 05:00:00+00:00,31539.23,31875.0,29304.62,29784.4,1886.397503
BTC/USD,2022-06-02 05:00:00+00:00,29794.94,30672.66,29551.69,30398.43,1360.550315
BTC/USD,2022-06-03 05:00:00+00:00,30394.61,30538.38,29250.0,29688.9,1268.104056
BTC/USD,2022-06-04 05:00:00+00:00,29689.32,29951.53,29456.68,29701.65,504.101091
BTC/USD,2022-06-05 05:00:00+00:00,29701.99,31320.0,29509.5,31192.5,1178.863288
BTC/USD,2022-06-06 05:00:00+00:00,31194.73,31740.0,29200.0,29508.27,1830.588863
BTC/USD,2022-06-07 05:00:00+00:00,29508.54,31565.82,29328.21,30230.97,2035.144906
BTC/USD,2022-06-08 05:00:00+00:00,30226.01,30865.14,29888.0,30240.33,947.807726
BTC/USD,2022-06-09 05:00:00+00:00,30243.84,30683.94,29543.49,30075.19,1121.954468
BTC/USD,2022-06-10 05:00:00+00:00,30076.05,30210.97,28828.26,29352.88,1124.221588
BTC/USD,2022-06-11 05:00:00+00:00,29354.46,29405.28,27251.25,27403.61,1318.761438
BTC/USD,2022-06-12 05:00:00+00:00,27403.8,28297.56,24899.56,25356.22,2491.86257
BTC/USD,2022-06-13 05:00:00+00:00,25351.38,25811.26,20804.91,21952.73,6179.073319
BTC/USD,2022-06-14 05:00:00+00:00,21942.24,23314.09,20900.0,21111.35,3298.418877
BTC/USD,2022-06-15 05:00:00+00:00,21106.05,22985.0,20078.0,22062.66,4371.904216
BTC/USD,2022-06-16 05:00:00+00:00,22066.21,22164.03,20200.8,20507.72,1850.417548
BTC/USD,2022-06-17 05:00:00+00:00,20506.2,21320.42,20301.5,20469.4,1179.574539
BTC/USD,2022-06-18 05:00:00+00:00,20461.86,20505.58,17594.94,18474.53,3712.265155
BTC/USD,2022-06-19 05:00:00+00:00,18476.7,20799.03,17925.03,19838.75,2384.465489
BTC/USD,2022-06-20 05:00:00+00:00,19837.17,21038.89,19746.13,20623.11,1991.217976
BTC/USD,2022-06-21 05:00:00+00:00,20629.71,21702.52,20240.0,20412.23,2333.308682
BTC/USD,2022-06-22 05:00:00+00:00,20410.2,20874.34,19742.25,20335.75,3508.690521
BTC/USD,2022-06-23 05:00:00+00:00,20337.68,21361.98,20154.28,21033.2,3645.486074
BTC/USD,2022-06-24 05:00:00+00:00,21034.26,21534.33,20719.39,21218.71,2842.305253
BTC/USD,2022-06-25 05:00:00+00:00,21218.89,21595.71,20896.85,21406.14,1903.394998
BTC/USD,2022-06-26 05:00:00+00:00,21407.32,21878.02,20910.41,21233.82,2119.787987
BTC/USD,2022-06-27 05:00:00+00:00,21232.71,21522.61,20478.28,20747.5,3398.764417
BTC/USD,2022-06-28 05:00:00+00:00,20747.07,21190.0,20125.0,20272.68,5382.925188
BTC/USD,2022-06-29 05:00:00+00:00,20273.69,20420.92,19832.92,20027.02,7319.191337
BTC/USD,2022-06-30 05:00:00+00:00,20025.82,20896.36,18612.0,19382.09,10330.986504
BTC/USD,2022-07-01 05:00:00+00:00,19374.83,19764.83,18940.0,19170.27,7521.574449
BTC/USD,2022-07-02 05:00:00+00:00,19170.9,19441.9,18752.98,19231.67,3459.369133
BTC/USD,2022-07-03 05:00:00+00:00,19233.4,19625.32,18911.68,19102.36,3478.188482
BTC/USD,2022-07-04 05:00:00+00:00,19101.41,20450.89,19057.69,20251.12,7282.259882
BTC/USD,2022-07-05 05:00:00+00:00,20252.86,20728.5,19281.37,20075.94,9527.917398
BTC/USD,2022-07-06 05:00:00+00:00,20077.88,20650.0,19845.91,20397.52,7624.440324
BTC/USD,2022-07-07 05:00:00+00:00,20396.43,22500.59,20233.0,21975.47,8688.592329
BTC/USD,2022-07-08 05:00:00+00:00,21975.47,22112.26,21172.41,21540.18,8453.323465
BTC/USD,2022-07-09 05:00:00+00:00,21541.16,21980.88,21100.0,21262.3,5221.571175
BTC/USD,2022-07-10 05:00:00+00:00,21262.1,21406.17,20417.0,20516.03,5245.537509
BTC/USD,2022-07-11 05:00:00+00:00,20514.05,20741.3,19769.2,19986.09,7194.311544
BTC/USD,2022-07-12 05:00:00+00:00,19986.09,20044.29,19226.0,19460.11,7138.720321
BTC/USD,2022-07-13 05:00:00+00:00,19460.11,20403.7,18900.0,20062.27,10295.582148
BTC/USD,2022-07-14 05:00:00+00:00,20065.81,20879.17,19588.9,20530.01,10039.131412
BTC/USD,2022-07-15 05:00:00+00:00,20531.04,21191.81,20504.22,20739.15,6238.182795
BTC/USD,2022-07-16 05:00:00+00:00,20741.14,21575.34,20477.03,21247.59,5217.037703
BTC/USD,2022-07-17 05:00:00+00:00,21247.55,21657.49,20751.81,21290.62,5347.599761
BTC/USD,2022-07-18 05:00:00+00:00,21293.0,22952.93,21279.16,21893.85,13403.776375
BTC/USD,2022-07-19 05:00:00+00:00,21892.1,23800.0,21583.97,23395.0,15269.089296
BTC/USD,2022-07-20 05:00:00+00:00,23391.53,24275.94,22634.82,22879.3,15350.716373
BTC/USD,2022-07-21 05:00:00+00:00,22878.93,23351.67,22342.28,22971.58,8413.914641
BTC/USD,2022-07-22 05:00:00+00:00,22966.35,23758.46,22507.15,22900.0,6718.211658
BTC/USD,2022-07-23 05:00:00+00:00,22904.39,23000.0,21950.0,22399.48,4729.550679
BTC/USD,2022-07-24 05:00:00+00:00,22399.48,23020.0,21740.38,21900.24,6231.284745
BTC/USD,2022-07-25 05:00:00+00:00,21895.62,22260.0,20864.19,21126.93,7433.605001
BTC/USD,2022-07-26 05:00:00+00:00,21132.44,21306.07,20714.96,21111.95,4923.663719
BTC/USD,2022-07-27 05:00:00+00:00,21111.95,23448.89,21095.7,23072.31,10212.517093
BTC/USD,2022-07-28 05:00:00+00:00,23072.31,24199.98,22583.33,24014.13,9231.984811
BTC/USD,2022-07-29 05:00:00+00:00,24011.71,24439.0,23433.85,23745.55,8493.420592
BTC/USD,2022-07-30 05:00:00+00:00,23750.06,24683.54,23500.61,23808.89,6719.075028
BTC/USD,2022-07-31 05:00:00+00:00,23810.09,24198.18,23232.29,23398.0,5648.751563
BTC/USD,2022-08-01 05:00:00+00:00,23398.02,23508.47,22760.0,22874.13,6667.629051
BTC/USD,2022-08-02 05:00:00+00:00,22865.91,23466.18,22661.29,22834.72,7217.620601
BTC/USD,2022-08-03 05:00:00+00:00,22834.42,23638.99,22734.89,23090.0,8644.443116
BTC/USD,2022-08-04 05:00:00+00:00,23092.34,23259.89,22404.47,23158.03,6888.388988
BTC/USD,2022-08-05 05:00:00+00:00,23156.05,23477.06,22757.92,23212.7,6064.764805
BTC/USD,2022-08-06 05:00:00+00:00,23212.74,23260.0,22854.66,22951.0,2905.513764
BTC/USD,2022-08-07 05:00:00+00:00,22951.02,23400.0,22896.07,23350.04,2755.768081
BTC/USD,2022-08-08 05:00:00+00:00,23347.47,24252.12,23329.83,23890.32,6192.286834
BTC/USD,2022-08-09 05:00:00+00:00,23891.94,23931.65,22659.4,22951.52,6598.928998
BTC/USD,2022-08-10 05:00:00+00:00,22948.34,24546.36,22836.34,24527.72,8529.492068
BTC/USD,2022-08-11 05:00:00+00:00,24531.21,24922.58,23767.77,23943.81,8740.430792
BTC/USD,2022-08-12 05:00:00+00:00,23940.91,24846.0,23596.36,24748.32,7223.662635
BTC/USD,2022-08-13 05:00:00+00:00,24747.46,24900.55,24295.8,24579.41,5168.337308
BTC/USD,2022-08-14 05:00:00+00:00,24580.31,25214.66,24151.07,24861.88,6701.73856
BTC/USD,2022-08-15 05:00:00+00:00,24861.37,24992.73,23780.0,23966.91,8366.048305
BTC/USD,2022-08-16 05:00:00+00:00,23968.0,24151.37,23676.4,24070.0,6894.905916
BTC/USD,2022-08-17 05:00:00+00:00,24075.74,24445.57,23180.0,23375.6,7018.647345
BTC/USD,2022-08-18 05:00:00+00:00,23383.74,23599.71,22700.0,22789.19,4763.2083
BTC/USD,2022-08-19 05:00:00+00:00,22785.91,22836.06,20785.22,21240.0,14143.727125
BTC/USD,2022-08-20 05:00:00+00:00,21238.86,21363.46,20761.75,21197.91,7662.52359
BTC/USD,2022-08-21 05:00:00+00:00,21197.93,21781.64,21067.48,21467.0,6697.323631
BTC/USD,2022-08-22 05:00:00+00:00,21469.66,21536.56,20890.32,21263.86,7282.48888
BTC/USD,2022-08-23 05:00:00+00:00,21263.87,21679.73,20889.11,21326.31,7503.764795
BTC/USD,2022-08-24 05:00:00+00:00,21333.35,21890.76,21236.88,21539.39,8417.53361
BTC/USD,2022-08-25 05:00:00+00:00,21540.77,21814.51,21424.24,21530.63,5337.40726
BTC/USD,2022-08-26 05:00:00+00:00,21526.24,21872.35,20110.0,20145.72,14082.294227
BTC/USD,2022-08-27 05:00:00+00:00,20147.3,20281.1,19800.0,19996.69,7550.732362
BTC/USD,2022-08-28 05:00:00+00:00,19995.5,20149.5,19520.19,19805.46,6140.40064
BTC/USD,2022-08-29 05:00:00+00:00,19805.0,20543.44,19737.36,20464.65,6885.1163
BTC/USD,2022-08-30 05:00:00+00:00,20467.15,20578.0,19541.13,20337.81,9883.747803
BTC/USD,2022-08-31 05:00:00+00:00,20339.0,20486.06,19874.31,20056.65,6975.185598
BTC/USD,2022-09-01 05:00:00+00:00,20055.79,20292.0,19564.86,20156.76,7141.975485
BTC/USD,2022-09-02 05:00:00+00:00,20156.76,20444.0,19757.72,19919.47,7165.911879
BTC/USD,2022-09-03 05:00:00+00:00,19924.83,19968.2,19658.04,19806.11,2677.652012
BTC/USD,2022-09-04 05:00:00+00:00,19805.39,20058.0,19587.86,19888.67,4325.67879
BTC/USD,2022-09-05 05:00:00+00:00,19888.67,20180.5,19635.96,19760.56,6274.552824
BTC/USD,2022-09-06 05:00:00+00:00,19761.39,20026.91,18534.06,18724.59,11217.789784
BTC/USD,2022-09-07 05:00:00+00:00,18724.59,19462.02,18676.38,19356.85,7431.686434
BTC/USD,2022-09-08 05:00:00+00:00,19356.54,20458.13,19012.7,20360.17,10278.336062
BTC/USD,2022-09-09 05:00:00+00:00,20360.0,21595.12,20343.51,21454.54,11525.122334
BTC/USD,2022-09-10 05:00:00+00:00,21454.54,21812.35,21128.39,21560.0,6462.167995
BTC/USD,2022-09-11 05:00:00+00:00,21560.01,22378.0,21359.15,21719.51,9039.744436
BTC/USD,2022-09-12 05:00:00+00:00,21719.51,22497.58,21672.76,22288.81,9410.191574
BTC/USD,2022-09-13 05:00:00+00:00,22289.22,22799.03,19874.92,20389.76,14809.264623
BTC/USD,2022-09-14 05:00:00+00:00,20388.02,20418.59,19610.09,20031.29,10289.722437
BTC/USD,2022-09-15 05:00:00+00:00,20026.63,20333.8,19500.0,19825.0,9901.09647
BTC/USD,2022-09-16 05:00:00+00:00,19826.09,20062.56,19338.0,19935.19,9017.672204
BTC/USD,2022-09-17 05:00:00+00:00,19935.19,20191.71,19742.41,20010.1,6083.097511
BTC/USD,2022-09-18 05:00:00+00:00,20008.83,20099.79,18674.51,18824.75,9060.28239
BTC/USD,2022-09-19 05:00:00+00:00,18824.75,19682.97,18257.92,19337.08,13055.029678
BTC/USD,2022-09-20 05:00:00+00:00,19335.66,19581.28,18724.83,19004.78,12532.741853
BTC/USD,2022-09-21 05:00:00+00:00,19006.29,19900.0,18168.0,18701.12,21988.551373
BTC/USD,2022-09-22 05:00:00+00:00,18702.08,19519.64,18620.77,19410.43,15967.830431
BTC/USD,2022-09-23 05:00:00+00:00,19410.43,19464.84,18534.78,19162.79,11805.626063
BTC/USD,2022-09-24 05:00:00+00:00,19162.81,19224.27,18810.0,19008.15,5695.863654
BTC/USD,2022-09-25 05:00:00+00:00,19008.84,19174.74,18630.86,18812.46,7200.197004
BTC/USD,2022-09-26 05:00:00+00:00,18811.54,20293.83,18687.0,20047.85,15666.202058
BTC/USD,2022-09-27 05:00:00+00:00,20047.85,20380.9,18491.67,18765.47,18567.049244
BTC/USD,2022-09-28 05:00:00+00:00,18763.53,19770.0,18564.08,19583.96,15677.670066
BTC/USD,2022-09-29 05:00:00+00:00,19583.96,19696.54,18835.9,19428.46,14798.355315
BTC/USD,2022-09-30 05:00:00+00:00,19429.44,20182.69,19150.0,19405.95,9912.18223
BTC/USD,2022-10-01 05:00:00+00:00,19405.97,19419.23,19165.28,19334.87,2769.551301
BTC/USD,2022-10-02 05:00:00+00:00,19334.87,19400.0,18922.84,19096.18,6376.554662
BTC/USD,2022-10-03 05:00:00+00:00,19096.18,19727.57,19060.96,19595.27,9884.849384
BTC/USD,2022-10-04 05:00:00+00:00,19595.27,20457.67,19584.61,20126.49,12031.565131
BTC/USD,2022-10-05 05:00:00+00:00,20127.5,20450.26,19741.01,20357.72,11333.426387
BTC/USD,2022-10-06 05:00:00+00:00,20361.68,20378.93,19856.97,19943.81,14423.448138
BTC/USD,2022-10-07 05:00:00+00:00,19944.93,20067.05,19321.49,19443.04,10000.051349
BTC/USD,2022-10-08 05:00:00+00:00,19445.36,19549.88,19248.0,19385.22,3602.499226
BTC/USD,2022-10-09 05:00:00+00:00,19389.29,19560.0,19369.58,19469.98,4093.870646
BTC/USD,2022-10-10 05:00:00+00:00,19467.62,19473.88,18953.5,19040.95,8684.57051
BTC/USD,2022-10-11 05:00:00+00:00,19040.95,19266.48,18859.22,19098.17,8860.257869
BTC/USD,2022-10-12 05:00:00+00:00,19098.17,19239.94,18976.05,19092.97,5822.944486
BTC/USD,2022-10-13 05:00:00+00:00,19092.97,19950.88,18185.92,19815.8,23007.758384
BTC/USD,2022-10-14 05:00:00+00:00,19812.9,19853.48,19077.99,19188.13,13458.044482
BTC/USD,2022-10-15 05:00:00+00:00,19191.47,19199.81,18985.49,19138.33,2687.864822
BTC/USD,2022-10-16 05:00:00+00:00,19138.33,19428.84,19092.08,19227.32,4215.583411
BTC/USD,2022-10-17 05:00:00+00:00,19228.11,19676.37,19218.75,19583.15,11586.739028
BTC/USD,2022-10-18 05:00:00+00:00,19584.93,19705.75,19094.65,19277.87,11734.562235
BTC/USD,2022-10-19 05:00:00+00:00,19278.47,19309.0,18909.3,19184.05,9662.520774
BTC/USD,2022-10-20 05:00:00+00:00,19183.56,19341.05,18937.03,19047.54,8735.195051
BTC/USD,2022-10-21 05:00:00+00:00,19045.03,19249.99,18664.09,19151.49,9705.541033
BTC/USD,2022-10-22 05:00:00+00:00,19151.14,19257.11,19133.23,19187.96,1854.600802
BTC/USD,2022-10-23 05:00:00+00:00,19187.96,19695.3,19078.69,19337.51,7976.612457
BTC/USD,2022-10-24 05:00:00+00:00,19335.98,19454.31,19151.2,19341.92,9627.931284
BTC/USD,2022-10-25 05:00:00+00:00,19341.92,20417.49,19241.47,20209.17,18377.284756
BTC/USD,2022-10-26 05:00:00+00:00,20210.01,21022.62,20129.0,20805.83,23828.080042
BTC/USD,2022-10-27 05:00:00+00:00,20807.23,20877.31,20163.93,20253.35,16950.62296
BTC/USD,2022-10-28 05:00:00+00:00,20252.87,20827.93,20015.0,20686.46,13953.053713
BTC/USD,2022-10-29 05:00:00+00:00,20686.46,21089.07,20627.94,20749.99,9177.617324
BTC/USD,2022-10-30 05:00:00+00:00,20752.2,20935.0,20433.0,20566.72,7457.393394
BTC/USD,2022-10-31 05:00:00+00:00,20565.41,20838.64,20240.01,20493.6,10159.303868
BTC/USD,2022-11-01 05:00:00+00:00,20494.13,20697.71,20326.57,20516.85,7903.475923
BTC/USD,2022-11-02 05:00:00+00:00,20517.64,20803.22,20058.43,20355.0,15956.764939
BTC/USD,2022-11-03 05:00:00+00:00,20357.26,20385.93,20035.28,20330.46,7576.277584
BTC/USD,2022-11-04 05:00:00+00:00,20325.99,21479.0,20318.71,21368.32,13777.642981
BTC/USD,2022-11-05 05:00:00+00:00,21369.76,21446.36,21190.75,21231.2,4452.259192
BTC/USD,2022-11-06 05:00:00+00:00,21230.91,21307.67,20815.0,20850.52,5379.711626
BTC/USD,2022-11-07 06:00:00+00:00,20848.5,20903.06,19350.0,19709.07,13053.092915
BTC/USD,2022-11-08 06:00:00+00:00,19708.85,20677.1,17600.0,18391.9,23946.119195
BTC/USD,2022-11-09 06:00:00+00:00,18391.72,18447.49,15567.0,16681.8,20431.392018
BTC/USD,2022-11-10 06:00:00+00:00,16680.18,18154.76,16156.36,17310.0,14784.3101
BTC/USD,2022-11-11 06:00:00+00:00,17305.8,17502.58,16330.17,16661.27,13467.295266
BTC/USD,2022-11-12 06:00:00+00:00,16660.22,16965.08,16637.83,16829.64,3757.965157
BTC/USD,2022-11-13 06:00:00+00:00,16826.24,16838.86,15790.46,15832.13,5379.3093
BTC/USD,2022-11-14 06:00:00+00:00,15835.29,17130.04,15816.45,16637.69,4507.093337
BTC/USD,2022-11-15 06:00:00+00:00,16634.54,17100.0,16595.02,16903.02,6870.477971
BTC/USD,2022-11-16 06:00:00+00:00,16906.55,16921.7,16367.32,16571.05,5558.002263
BTC/USD,2022-11-17 06:00:00+00:00,16564.76,16982.5,16419.0,16791.3,5272.557031
BTC/USD,2022-11-18 06:00:00+00:00,16793.55,16837.0,16526.93,16580.8,4085.711602
BTC/USD,2022-11-19 06:00:00+00:00,16577.4,16803.36,16546.86,16667.88,2223.43671
BTC/USD,2022-11-20 06:00:00+00:00,16668.14,16716.74,15876.89,16205.09,5329.602884
BTC/USD,2022-11-21 06:00:00+00:00,16205.09,16257.9,15468.58,15781.17,9542.308548
BTC/USD,2022-11-22 06:00:00+00:00,15782.19,16572.75,15599.93,16445.38,9081.783727
BTC/USD,2022-11-23 06:00:00+00:00,16445.38,16790.0,16300.92,16638.24,8047.910575
BTC/USD,2022-11-24 06:00:00+00:00,16642.7,16706.26,16340.0,16347.57,5100.860089
BTC/USD,2022-11-25 06:00:00+00:00,16349.43,16688.0,16326.8,16615.59,3272.342542
BTC/USD,2022-11-26 06:00:00+00:00,16615.6,16672.23,16381.63,16528.64,1938.452557
BTC/USD,2022-11-27 06:00:00+00:00,16529.86,16586.3,16043.48,16158.06,3851.917174
BTC/USD,2022-11-28 06:00:00+00:00,16158.08,16526.86,15990.1,16474.07,8539.562065
BTC/USD,2022-11-29 06:00:00+00:00,16473.7,17080.25,16325.2,16859.03,8837.023845
BTC/USD,2022-11-30 06:00:00+00:00,16861.3,17244.0,16707.41,17112.2,9202.327843
BTC/USD,2022-12-01 06:00:00+00:00,17112.8,17312.76,16858.78,16936.52,5872.0494
BTC/USD,2022-12-02 06:00:00+00:00,16936.52,17162.67,16793.12,17018.69,5166.704379
BTC/USD,2022-12-03 06:00:00+00:00,17018.69,17072.67,16862.77,17015.51,3323.272891
BTC/USD,2022-12-04 06:00:00+00:00,17019.21,17424.31,16911.06,17344.37,6008.05676
BTC/USD,2022-12-05 06:00:00+00:00,17344.37,17389.03,16870.58,16978.02,7324.949316
BTC/USD,2022-12-06 06:00:00+00:00,16976.05,17138.6,16908.65,17006.81,5178.739307
BTC/USD,2022-12-07 06:00:00+00:00,17006.5,17007.96,16669.0,16818.59,4495.869415
BTC/USD,2022-12-08 06:00:00+00:00,16817.15,17298.59,16741.67,17219.55,4976.521223
BTC/USD,2022-12-09 06:00:00+00:00,17218.75,17350.45,17068.92,17135.44,3622.473632
BTC/USD,2022-12-10 06:00:00+00:00,17134.87,17228.61,17095.9,17173.03,1574.192961
BTC/USD,2022-12-11 06:00:00+00:00,17175.43,17270.31,16875.0,16946.66,3327.022857
BTC/USD,2022-12-12 06:00:00+00:00,16944.9,17240.0,16902.87,17190.04,3571.157085
BTC/USD,2022-12-13 06:00:00+00:00,17192.04,17988.8,17085.0,17787.6,7093.527259
BTC/USD,2022-12-14 06:00:00+00:00,17787.69,18379.3,17557.42,17718.06,12695.134078
BTC/USD,2022-12-15 06:00:00+00:00,17716.82,17746.31,17283.19,17410.24,6770.795907
BTC/USD,2022-12-16 06:00:00+00:00,17408.84,17528.68,16534.69,16691.8,10094.6609
BTC/USD,2022-12-17 06:00:00+00:00,16696.39,16802.48,16650.0,16740.59,2733.905799
BTC/USD,2022-12-18 06:00:00+00:00,16741.89,16850.83,16631.45,16708.35,2632.542393
BTC/USD,2022-12-19 06:00:00+00:00,16707.76,16873.46,16288.0,16790.0,7144.991841
BTC/USD,2022-12-20 06:00:00+00:00,16789.91,17050.56,16718.29,16833.87,5586.092285702
BTC/USD,2022-12-21 06:00:00+00:00,16835.81,16919.68,16731.85,16824.59,2983.0164377
BTC/USD,2022-12-22 06:00:00+00:00,16827.22,16891.26,16564.69,16821.83,4156.739811111
BTC/USD,2022-12-23 06:00:00+00:00,16822.3,16941.04,16748.44,16821.65,3483.009282718
BTC/USD,2022-12-24 06:00:00+00:00,16823.21,16860.0,16805.0,16830.0,1306.340383583
BTC/USD,2022-12-25 06:00:00+00:00,16831.81,16918.59,16729.2,16856.15,2106.879832935
BTC/USD,2022-12-26 06:00:00+00:00,16856.15,16972.2,16792.93,16872.13,2231.66681558
BTC/USD,2022-12-27 06:00:00+00:00,16872.72,16890.0,16562.85,16599.15,4078.846778157
BTC/USD,2022-12-28 06:00:00+00:00,16597.1,16775.1,16465.58,16573.15,4341.727683969
BTC/USD,2022-12-29 06:00:00+00:00,16573.15,16655.05,16512.71,16550.57,3029.561520752
BTC/USD,2022-12-30 06:00:00+00:00,16547.4,16641.27,16355.0,16532.87,4021.30110699
BTC/USD,2022-12-31 06:00:00+00:00,16534.08,16632.33,16466.86,16522.29,2451.303965503
BTC/USD,2023-01-01 06:00:00+00:00,16525.0,16695.31,16495.06,16642.78,1651.559056837
BTC/USD,2023-01-02 06:00:00+00:00,16644.37,16779.0,16630.47,16718.82,2285.656433051
BTC/USD,2023-01-03 06:00:00+00:00,16721.01,16900.0,16600.0,16850.59,3790.536364256
BTC/USD,2023-01-04 06:00:00+00:00,16852.62,16984.54,16760.57,16840.5,4847.939963443
BTC/USD,2023-01-05 06:00:00+00:00,16838.47,16873.28,16755.45,16803.47,2580.410942528
BTC/USD,2023-01-06 06:00:00+00:00,16803.36,17022.87,16675.0,16926.62,4927.378570204
BTC/USD,2023-01-07 06:00:00+00:00,16926.6,16949.0,16900.9,16936.0,1044.522619881
BTC/USD,2023-01-08 06:00:00+00:00,16935.27,17248.53,16910.0,17196.67,4781.20340018
BTC/USD,2023-01-09 06:00:00+00:00,17198.94,17387.05,17126.73,17221.37,6368.899439559
BTC/USD,2023-01-10 06:00:00+00:00,17221.1,17500.0,17182.07,17402.92,7089.789337217
BTC/USD,2023-01-11 06:00:00+00:00,17401.42,18350.0,17312.68,18079.38,11653.487204555
BTC/USD,2023-01-12 06:00:00+00:00,18079.4,19109.28,17919.62,18780.68,17774.752564613
BTC/USD,2023-01-13 06:00:00+00:00,18780.19,21239.83,18775.69,20826.93,20324.633774182
BTC/USD,2023-01-14 06:00:00+00:00,20826.92,21170.88,20224.24,20736.04,10596.747113762
BTC/USD,2023-01-15 06:00:00+00:00,20734.08,21420.56,20558.86,21175.0,6440.117066462
BTC/USD,2023-01-16 06:00:00+00:00,21175.01,21446.81,19800.0,21144.04,6756.985639889
BTC/USD,2023-01-17 06:00:00+00:00,21144.89,21547.99,21030.0,21298.05,4787.181051652
BTC/USD,2023-01-18 06:00:00+00:00,21292.67,21620.0,20373.11,20807.07,6518.014826508
BTC/USD,2023-01-19 06:00:00+00:00,20809.0,21200.0,20644.4,20975.45,4359.048231743
BTC/USD,2023-01-20 06:00:00+00:00,20974.85,22798.4,20861.95,22566.09,7433.250205117
BTC/USD,2023-01-21 06:00:00+00:00,22570.6,23349.81,22549.27,22871.9,8475.329693194
BTC/USD,2023-01-22 06:00:00+00:00,22867.27,23071.60533994,22290.04,22715.61,5343.036867333
BTC/USD,2023-01-23 06:00:00+00:00,22719.69,23164.32,22436.55,23113.1,5717.75410641
BTC/USD,2023-01-24 06:00:00+00:00,23110.16,23148.86,22299.0,22674.1,6134.525416188
BTC/USD,2023-01-25 06:00:00+00:00,22671.72,23815.12,22340.48,23147.84,7440.383848797
BTC/USD,2023-01-26 06:00:00+00:00,23149.46,23246.84,22555.0,23035.01,4695.582809722
BTC/USD,2023-01-27 06:00:00+00:00,23038.98,23506.3,22843.07,23065.86,5122.770376987
BTC/USD,2023-01-28 06:00:00+00:00,23065.95,23459.2,22883.23,23252.71,2586.273837999
BTC/USD,2023-01-29 06:00:00+00:00,23256.07,23964.19,23158.87,23733.59,4727.329275303
BTC/USD,2023-01-30 06:00:00+00:00,23737.25,23754.5148,22502.2,22760.84,5542.740309703
BTC/USD,2023-01-31 06:00:00+00:00,22762.82,23297.99,22742.52,23117.08,4163.439135897
BTC/USD,2023-02-01 06:00:00+00:00,23116.63,24250.0,22799.97,23815.12,8181.275352636
BTC/USD,2023-02-02 06:00:00+00:00,23815.1,24143.55,23417.71,23530.57,7416.70379517
BTC/USD,2023-02-03 06:00:00+00:00,23528.0,23725.0,23217.28,23313.78,4725.713284184
BTC/USD,2023-02-04 06:00:00+00:00,23311.37,23588.17,23242.44,23391.58,3056.415061512
BTC/USD,2023-02-05 06:00:00+00:00,23388.66,23436.93,22759.78,22900.14,4233.794640688
BTC/USD,2023-02-06 06:00:00+00:00,23766.0,24524.0,17020.33,22938.35,3528.945718638
BTC/USD,2023-02-07 06:00:00+00:00,22938.96,23444.91,22770.0,23227.3,6680.337960752
BTC/USD,2023-02-08 06:00:00+00:00,23227.02,23600.0,22029.0,22602.55,7774.338633646
BTC/USD,2023-02-09 06:00:00+00:00,22604.8,23604.0,21567.0,21806.29,8019.140837317
BTC/USD,2023-02-10 06:00:00+00:00,21801.41,21934.29,21477.04,21678.62,6348.70854886
BTC/USD,2023-02-11 06:00:00+00:00,21678.62,21909.0,21620.6,21803.34,1940.978986591
BTC/USD,2023-02-12 06:00:00+00:00,21808.05,22092.46,21636.1,21842.45,4952.118946581
BTC/USD,2023-02-13 06:00:00+00:00,21842.45,21902.6,21369.2,21745.88,6259.650652975
BTC/USD,2023-02-14 06:00:00+00:00,21745.86,22329.67,21566.47,22139.52,8308.415033808
BTC/USD,2023-02-15 06:00:00+00:00,22138.39,24902.49,22098.53,24683.0,11871.5425985
BTC/USD,2023-02-16 06:00:00+00:00,24684.7,25220.0,23328.15,23711.18,6593.755099845
BTC/USD,2023-02-17 06:00:00+00:00,23711.17,25014.65,23546.5,24639.12,7481.796878732
BTC/USD,2023-02-18 06:00:00+00:00,24639.17,24877.44,23329.0,24762.47,2095.196848584
BTC/USD,2023-02-19 06:00:00+00:00,24757.54,25199.59,23851.31,24491.96,6983.565998724
BTC/USD,2023-02-20 06:00:00+00:00,24494.27,25100.0,24379.0,24952.4,5183.960612938
BTC/USD,2023-02-21 06:00:00+00:00,24945.5,25250.0,23864.51,24105.82,10395.017621316
BTC/USD,2023-02-22 06:00:00+00:00,24104.67,24602.09,23578.95,24395.26,9480.860921822
BTC/USD,2023-02-23 06:00:00+00:00,24399.31,24492.01,23615.0,23901.69,8129.454497403
BTC/USD,2023-02-24 06:00:00+00:00,23904.38,24012.8,22852.34,23046.99,7898.405163543
BTC/USD,2023-02-25 06:00:00+00:00,23042.99,23259.27,22766.0,23134.99,3870.168226649
BTC/USD,2023-02-26 06:00:00+00:00,23132.03,23684.52,23098.93,23389.35,4710.406916611
BTC/USD,2023-02-27 06:00:00+00:00,23389.56,23896.6,23111.9,23370.0,6259.589357335
BTC/USD,2023-02-28 06:00:00+00:00,23376.54,23841.55,23015.1,23694.0,5381.254027701
BTC/USD,2023-03-01 06:00:00+00:00,23694.0,23994.59,23307.21,23452.86,5905.611791537
BTC/USD,2023-03-02 06:00:00+00:00,23454.26,23564.22,22001.0,22351.67,7587.048899941
BTC/USD,2023-03-03 06:00:00+00:00,22347.96,22494.06,22149.87,22330.25,4906.281461782
BTC/USD,2023-03-04 06:00:00+00:00,22327.95,22653.31,22159.79,22423.3,3446.367280007
BTC/USD,2023-03-05 06:00:00+00:00,22423.21,22553.33,22267.58,22373.17,3129.253301896
BTC/USD,2023-03-06 06:00:00+00:00,22373.04,22603.25,22319.0,22460.1,3227.629137511
BTC/USD,2023-03-07 06:00:00+00:00,22459.02,22481.2,21851.64,21946.62,7557.162302822
BTC/USD,2023-03-08 06:00:00+00:00,21953.91,22220.77,20254.251199652,21731.355,5884.401787109
BTC/USD,2023-03-09 06:00:00+00:00,21733.01,22103.066944652,19775.37,19990.94,10740.337868168
BTC/USD,2023-03-10 06:00:00+00:00,19991.3,21474.480199652,18700.7425,20442.2,13747.638194898
BTC/USD,2023-03-11 06:00:00+00:00,20449.21,21406.485199652,19900.0,20542.763585,5677.206728908
BTC/USD,2023-03-12 06:00:00+00:00,20540.16,23491.85,20439.99,22393.38,9541.141897172
BTC/USD,2023-03-13 05:00:00+00:00,22388.9,24577.92,21579.345095,24539.36,11039.890532825
BTC/USD,2023-03-14 05:00:00+00:00,24540.48,26476.04,24000.0,24908.77791418,16448.397662148
BTC/USD,2023-03-15 05:00:00+00:00,24911.09,25307.014951875,23930.0,24345.77,17454.016425822
BTC/USD,2023-03-16 05:00:00+00:00,24349.16,25964.0,24309.4,25734.1071365,15346.647827864
BTC/USD,2023-03-17 05:00:00+00:00,25733.0,27830.0,25671.19,27406.44,12347.198428524
BTC/USD,2023-03-18 05:00:00+00:00,27404.68,27689.27,26657.61,27204.69,6952.487525414
BTC/USD,2023-03-19 05:00:00+00:00,27204.38,28464.43,26905.0,27543.98,11519.710381213
BTC/USD,2023-03-20 05:00:00+00:00,27539.12,28560.8,27452.72,28011.82,12962.542452951
BTC/USD,2023-03-21 05:00:00+00:00,28014.26,28500.0,27406.01,28295.6755768,10486.456522577
BTC/USD,2023-03-22 05:00:00+00:00,28293.67,28900.0,26685.0,27357.989935,17223.586996967
BTC/USD,2023-03-23 05:00:00+00:00,27360.42,28772.68,27350.20261315,28190.806758,14647.854501316
BTC/USD,2023-03-24 05:00:00+00:00,28188.76,28389.461,27084.27,27581.246515,11763.704840976
BTC/USD,2023-03-25 05:00:00+00:00,27582.0,27850.0,27180.0,27543.78,7272.502520506
BTC/USD,2023-03-26 05:00:00+00:00,27546.35,28238.07,27497.32703453,27948.1502189,8621.628078325
BTC/USD,2023-03-27 05:00:00+00:00,27947.8,28010.46,26540.0,26979.59325,12171.85436584
BTC/USD,2023-03-28 05:00:00+00:00,26992.83,27622.24,26651.0,27580.86,10803.710470048
BTC/USD,2023-03-29 05:00:00+00:00,27580.86,29189.54,27511.29946356,28594.44,17067.696131087
BTC/USD,2023-03-30 05:00:00+00:00,28599.03,28788.152505835,27719.21,28193.24,13820.118959018
BTC/USD,2023-03-31 05:00:00+00:00,28195.37,28824.8,27529.53,28588.44,10207.674663307
BTC/USD,2023-04-01 05:00:00+00:00,28588.76,28606.26333293,28257.82,28401.2812,3839.809716387
BTC/USD,2023-04-02 05:00:00+00:00,28404.32,28508.68,27579.82,27724.34035292,6978.602090308
BTC/USD,2023-04-03 05:00:00+00:00,27723.97,28522.0,27300.0,27832.8676,14204.077005378
BTC/USD,2023-04-04 05:00:00+00:00,27827.33,28786.01,27823.59,28509.5934973,10373.670852336
BTC/USD,2023-04-05 05:00:00+00:00,28518.32,28752.57,27861.98,28089.42,8960.797699489
BTC/USD,2023-04-06 05:00:00+00:00,28086.02,28233.965,27724.33,28037.78103173,6362.072835926
BTC/USD,2023-04-07 05:00:00+00:00,28042.19,28080.08,27782.43,27999.9794569,4015.888266731
BTC/USD,2023-04-08 05:00:00+00:00,28000.11,28180.0,27885.74,28060.885825,2321.598404341
BTC/USD,2023-04-09 05:00:00+00:00,28055.09,28551.55,27817.06,28259.98,4613.390768559
BTC/USD,2023-04-10 05:00:00+00:00,28261.6,30442.56,28155.3093783575,30135.24225,11200.701133153
BTC/USD,2023-04-11 05:00:00+00:00,30132.76,30566.97,29810.74,29996.1628,8704.596567429
BTC/USD,2023-04-12 05:00:00+00:00,29995.67,30500.0,29698.05,30081.6026415,6767.991583559
BTC/USD,2023-04-13 05:00:00+00:00,30089.14,30931.0073982,29844.9483631885,30739.062565,8896.604314699
BTC/USD,2023-04-14 05:00:00+00:00,30740.07,31049.99,29989.96,30387.692417,9085.650684691
BTC/USD,2023-04-15 05:00:00+00:00,30384.86,30573.3973172175,30157.85,30328.77,3450.189534846
BTC/USD,2023-04-16 05:00:00+00:00,30331.71,30571.93,29805.39,30020.0023159,5066.188161238
BTC/USD,2023-04-17 05:00:00+00:00,30021.25,30167.095685401,29118.04,29512.00315845,6956.835093664
BTC/USD,2023-04-18 05:00:00+00:00,29514.67,30498.99,29503.80875,30217.17997,8187.363983937
BTC/USD,2023-04-19 05:00:00+00:00,30223.3,30344.205560231,28591.0,28903.5682585,9837.953414187
BTC/USD,2023-04-20 05:00:00+00:00,28915.17,29102.49,27996.98,28262.08545,8749.988062385
BTC/USD,2023-04-21 05:00:00+00:00,28255.09,28324.38,27156.84,27370.65487,7112.208950671
BTC/USD,2023-04-22 05:00:00+00:00,27369.35,28079.916282246,27218.64,27625.79047815,3431.306921162
BTC/USD,2023-04-23 05:00:00+00:00,27619.32,28014.46,27344.2141083,27726.628595,6306.257287378
BTC/USD,2023-04-24 05:00:00+00:00,27720.25,27783.28,26975.61,27432.28,7524.658705077
BTC/USD,2023-04-25 05:00:00+00:00,27432.28,28603.497840503,27208.300644705,28350.3305,7514.281863155
BTC/USD,2023-04-26 05:00:00+00:00,28347.67,30046.27,27261.01,29119.0,18220.45022917
BTC/USD,2023-04-27 05:00:00+00:00,29119.0,29912.28,28646.88,29537.16,12428.400177452
BTC/USD,2023-04-28 05:00:00+00:00,29542.61,30236.381845,28922.03,29418.96769555,5359.938635627
BTC/USD,2023-04-29 05:00:00+00:00,29422.55,30264.74818,29082.47,29250.01304207,1872.162764733
BTC/USD,2023-04-30 05:00:00+00:00,29247.41585,29985.57,28410.56,28596.724675,5635.676745396
BTC/USD,2023-05-01 05:00:00+00:00,28592.33,28745.05984,27690.27,27982.176006395,7036.519507334
BTC/USD,2023-05-02 05:00:00+00:00,28001.15,28933.38,27935.07,28560.768,5977.436116576
BTC/USD,2023-05-03 05:00:00+00:00,28566.64,29301.54,28166.26,29158.314958215,8937.83216316
BTC/USD,2023-05-04 05:00:00+00:00,29151.48,29591.8,28700.0,29284.95,6220.155063225
BTC/USD,2023-05-05 05:00:00+00:00,29288.42,29912.14,28820.0,29517.24,5799.730311611
BTC/USD,2023-05-06 05:00:00+00:00,29517.24,29642.5668870935,28500.0,29068.181707615,4245.66563913
BTC/USD,2023-05-07 05:00:00+00:00,29075.99,29389.88,28820.75,28852.82155122,4518.050730932
BTC/USD,2023-05-08 05:00:00+00:00,28857.5,28924.0,27669.4,28181.8225,7000.442116224
BTC/USD,2023-05-09 05:00:00+00:00,28195.28,28514.04,27625.78,27745.5222405,2832.52074077
BTC/USD,2023-05-10 05:00:00+00:00,27745.0,28356.27,26834.655,27551.23,3527.882047492
BTC/USD,2023-05-11 05:00:00+00:00,27549.85,27868.3355590955,26600.0,26739.62,2648.941765892
BTC/USD,2023-05-12 05:00:00+00:00,26739.62,27534.5575590955,25869.675215,26800.59,3427.11922793
BTC/USD,2023-05-13 05:00:00+00:00,26804.8765,27130.9971835,26603.85,26838.24,1354.471570672
BTC/USD,2023-05-14 05:00:00+00:00,26838.24,27383.05015,26750.5,27296.35,1833.544096326
BTC/USD,2023-05-15 05:00:00+00:00,27295.72,27652.0,26866.0,27120.7,2820.540943284
BTC/USD,2023-05-16 05:00:00+00:00,27115.44,27532.8442195,26900.0,27073.53,2181.423104539
BTC/USD,2023-05-17 05:00:00+00:00,27073.53,27825.1524185955,26555.0,27301.5605,2547.094692315
BTC/USD,2023-05-18 05:00:00+00:00,27296.2,27700.9485590955,26405.7,26882.266955,2874.320505672
BTC/USD,2023-05-19 05:00:00+00:00,26885.83,27552.7953040955,26633.6,26876.1295,1606.162198457
BTC/USD,2023-05-20 05:00:00+00:00,26876.99,27646.5288740955,26828.3,27133.713,1056.129258714
BTC/USD,2023-05-21 05:00:00+00:00,27131.51,27465.3422301955,26556.7,26715.26376789,1929.028952869
BTC/USD,2023-05-22 05:00:00+00:00,26713.72,27430.0,26700.1,27370.0,2315.176264175
BTC/USD,2023-05-23 05:00:00+00:00,27370.0,27740.4085590955,26473.0,26840.6373747,1941.70494492
BTC/USD,2023-05-24 05:00:00+00:00,26842.26,26900.8824665945,25919.52,26264.798075585,2762.950786499
BTC/USD,2023-05-25 05:00:00+00:00,26264.14,26635.9,18372.569720234,26460.4053175,1873.22079972
BTC/USD,2023-05-26 05:00:00+00:00,26455.09,27442.4681659805,18372.569720234,26787.215595,1532.617118345
BTC/USD,2023-05-27 05:00:00+00:00,26785.0,27484.6985590955,18527.672925,27197.036815,1123.210431103
BTC/USD,2023-05-28 05:00:00+00:00,27201.29,28448.97,27144.72,27960.15,2141.707128914
BTC/USD,2023-05-29 05:00:00+00:00,27961.07,28069.96,27536.59,27804.888197955,1530.286353462
BTC/USD,2023-05-30 05:00:00+00:00,27808.49382385,28072.384331545,27267.0,27278.28,1921.489354731
BTC/USD,2023-05-31 05:00:00+00:00,27275.0,27350.0,26645.16,26840.117,2413.026164725
BTC/USD,2023-06-01 05:00:00+00:00,26825.65875477,27170.941238572,26530.25,27075.75,2348.597364132
BTC/USD,2023-06-02 05:00:00+00:00,27075.71,27323.4873421,26864.0,27172.0194345,1822.960389315
BTC/USD,2023-06-03 05:00:00+00:00,27171.75408145,27354.646,26940.0,27070.06968,966.101844125
BTC/USD,2023-06-04 05:00:00+00:00,27068.38,27471.04,26789.0,26865.24,1695.203938128
BTC/USD,2023-06-05 05:00:00+00:00,26860.01,26871.863,25439.54,25862.328996,3580.949689442
BTC/USD,2023-06-06 05:00:00+00:00,25860.36,27799.11,25417.21442642,27320.6197,3977.885163358
BTC/USD,2023-06-07 05:00:00+00:00,27335.09,30637.9,22880.636573363,26408.45,2084.926577722
BTC/USD,2023-06-08 05:00:00+00:00,26718.38,26933.5,26289.1703045,26499.11841,843.487725971
BTC/USD,2023-06-09 05:00:00+00:00,26519.89,26761.695208524,25592.4369542,25773.4272,1074.256367242
BTC/USD,2023-06-10 05:00:00+00:00,25802.0,26223.3391,25410.561565,25745.59268,915.360571241
BTC/USD,2023-06-11 05:00:00+00:00,25821.78,26370.88,25639.69605,26090.3,619.336306942
BTC/USD,2023-06-12 05:00:00+00:00,26090.0,26384.99,25664.9932885,26056.055228855,679.209009502
BTC/USD,2023-06-13 05:00:00+00:00,26278.01,27293.76,25624.2788,25983.5725,511.003617364
BTC/USD,2023-06-14 05:00:00+00:00,26280.5,26379.97,24793.6512659715,25009.352501475,28.680254896
BTC/USD,2023-06-15 05:00:00+00:00,25009.5060366,25743.36298925,24766.09454278,25500.24046085,2.360903135
BTC/USD,2023-06-16 05:00:00+00:00,25506.484325,26467.2238003695,25169.61125,26340.003161694,0.946293909
BTC/USD,2023-06-17 05:00:00+00:00,26336.956895694,26843.009766531,26317.1938703,26530.2511,0.485265473
BTC/USD,2023-06-18 05:00:00+00:00,26536.89,26706.564796,26261.0168995,26430.71413,0.239507954
BTC/USD,2023-06-19 05:00:00+00:00,26430.76551648,27181.95307475,26304.431814816,26958.0177115,4.379666396
BTC/USD,2023-06-20 05:00:00+00:00,26954.73166745,28979.621122595,26647.00056,28784.33973,3.283946322
BTC/USD,2023-06-21 05:00:00+00:00,28768.81585327,30789.9,28756.9934525,30364.929915,7.526770841
BTC/USD,2023-06-22 05:00:00+00:00,30348.9895,30353.48739055,29491.887042,30006.34696,1.994160912
BTC/USD,2023-06-23 05:00:00+00:00,30002.65,31596.8255209475,27464.5,30740.9310421,3.673697766
BTC/USD,2023-06-24 05:00:00+00:00,30736.1974507,31066.14705,30267.48545,30903.09273564,0.150683377
BTC/USD,2023-06-25 05:00:00+00:00,30910.2261865,31012.04922,29804.93,30253.820075,0.842758838
BTC/USD,2023-06-26 05:00:00+00:00,30256.852,30667.5066555,29829.85237813,30355.602,1.659260073
BTC/USD,2023-06-27 05:00:00+00:00,30355.175,31007.5458055155,30178.0291169885,30473.6848468,1.272925543
BTC/USD,2023-06-28 05:00:00+00:00,30481.55837929,30496.7585125,29520.479520479,30227.6536395,1.124224071
BTC/USD,2023-06-29 05:00:00+00:00,30218.2525,31282.2542646,30151.55989696,30910.459844255,2.546875748
BTC/USD,2023-06-30 05:00:00+00:00,30844.441995,31544.40585,29380.810331,30388.47445569,6.466380625
BTC/USD,2023-07-01 05:00:00+00:00,30385.895956,30710.060945,30374.97,30529.743525,0.544617957
BTC/USD,2023-07-02 05:00:00+00:00,30528.37,30813.870461679,30231.36435,30701.6205105075,1.010968445
BTC/USD,2023-07-03 05:00:00+00:00,30697.0715105075,31390.039548221,30485.7,31056.9905094905,1.339711015
BTC/USD,2023-07-04 05:00:00+00:00,31063.25735,31123.8403,30629.9067,30842.05240964,0.421326377
BTC/USD,2023-07-05 05:00:00+00:00,30841.5055,30883.247817,30204.959,30457.98348348,1.431555108
BTC/USD,2023-07-06 05:00:00+00:00,30467.4518,31531.531531531,29687.3,30093.459,5.359088767
BTC/USD,2023-07-07 05:00:00+00:00,30103.1302781,30623.55989768,29938.14,30247.841052705,2.656989267
BTC/USD,2023-07-08 05:00:00+00:00,30232.27415,30425.785775,30049.681677495,30273.59385,0.052460776
BTC/USD,2023-07-09 05:00:00+00:00,30281.8,30526.9385915915,29977.954375,30125.180225,0.071774392
BTC/USD,2023-07-10 05:00:00+00:00,30120.52365,31030.4725988945,30016.735575,30450.38568105,1.402192616
BTC/USD,2023-07-11 05:00:00+00:00,30453.807938,30803.342967205,30307.113967925,30633.203369689,1.990794722
BTC/USD,2023-07-12 05:00:00+00:00,30629.448369689,30945.3044298695,30214.17203,30296.70005,2.004634019
BTC/USD,2023-07-13 05:00:00+00:00,30301.4251645,31786.06427322,30257.18229504,31408.257,2.678284295
BTC/USD,2023-07-14 05:00:00+00:00,31406.5482337,31419.65964,29923.426238925,30309.106042375,3.596378432
BTC/USD,2023-07-15 05:00:00+00:00,30309.3171215,30660.821599125,30071.5981,30165.9867115,0.88071029
BTC/USD,2023-07-16 05:00:00+00:00,30164.963325665,30457.791,30135.7923,30310.22449535,0.525698615
BTC/USD,2023-07-17 05:00:00+00:00,30315.34710625,31797.2202969855,29671.85,30130.69602335,15.352476314
BTC/USD,2023-07-18 05:00:00+00:00,30123.133758,30228.447767,29547.95785,30106.7469594985,0.809777436
BTC/USD,2023-07-19 05:00:00+00:00,30112.2907429985,30139.99499,29770.616666,29965.6834585,0.431992188
BTC/USD,2023-07-20 05:00:00+00:00,29964.9405841,30419.156361355,29584.702977,29871.765655,3.57073632
BTC/USD,2023-07-21 05:00:00+00:00,29871.98511,30148.6975,29744.3773841395,29894.213314,1.051354243
BTC/USD,2023-07-22 05:00:00+00:00,29886.972105895,29994.4572082,29648.4978384,29918.1685,0.558645553
BTC/USD,2023-07-23 05:00:00+00:00,29916.9485,30355.45930747,29672.702016,29797.62,0.783829315
BTC/USD,2023-07-24 05:00:00+00:00,29796.01785805,29921.4811829,28869.6209865,29095.0015,4.600208685
BTC/USD,2023-07-25 05:00:00+00:00,29099.908584,29405.1989375,29088.75728,29207.229923465,0.736728954
BTC/USD,2023-07-26 05:00:00+00:00,29199.89624575,29681.22,28902.64733,29488.8623882,4.864457762
BTC/USD,2023-07-27 05:00:00+00:00,29489.752,29623.66573,29087.09581,29260.589371,3.06027585
BTC/USD,2023-07-28 05:00:00+00:00,29259.88369128,29535.3531,29120.0628674,29385.4955736,0.744900247
BTC/USD,2023-07-29 05:00:00+00:00,29381.68264139,29398.8011,29248.0,29324.7433435,0.206869428
BTC/USD,2023-07-30 05:00:00+00:00,29330.6679242,29654.4136049,29035.370254565,29398.568237,3.255520563
BTC/USD,2023-07-31 05:00:00+00:00,29400.6288338,29485.15,28799.88888,28851.76240562,1.530899635
BTC/USD,2023-08-01 05:00:00+00:00,28855.49538118,30016.816015015,28584.43010485,29661.684474645,1.652534254
BTC/USD,2023-08-02 05:00:00+00:00,29654.129571,29681.199142,28940.6962,29114.44555,2.34505246
BTC/USD,2023-08-03 05:00:00+00:00,29117.70265329,29394.4627985,28940.3034375,29185.801370945,0.096099942
BTC/USD,2023-08-04 05:00:00+00:00,29185.801370945,29309.5032818,28790.34234855,29018.82687595,0.217930268
BTC/USD,2023-08-05 05:00:00+00:00,29012.282466,29087.45822617,28926.82511559,29045.2853705,0.097313284
BTC/USD,2023-08-06 05:00:00+00:00,29046.54605,29187.0113185,28954.833,29136.319035,0.113366619
BTC/USD,2023-08-07 05:00:00+00:00,29131.6111725,29298.448128,28701.41465,29187.63972,2.144573947
BTC/USD,2023-08-08 05:00:00+00:00,29180.9199,30219.4712,29030.604534005,29742.748803,1.331946224
BTC/USD,2023-08-09 05:00:00+00:00,29747.776682,30122.4842516,29351.337095,29515.61051206,0.863070989
BTC/USD,2023-08-10 05:00:00+00:00,29517.7155,29711.43495,29317.24134156,29375.637461835,0.245970939
BTC/USD,2023-08-11 05:00:00+00:00,29375.251240705,29534.44,29226.10497345,29396.64036,0.441613205
BTC/USD,2023-08-12 05:00:00+00:00,29388.129949,29518.4846353645,29323.25679,29369.001,0.042660519
BTC/USD,2023-08-13 05:00:00+00:00,29374.040770545,29456.3186961,29079.24922,29381.81588,0.15786149
BTC/USD,2023-08-14 05:00:00+00:00,29380.698,29667.4002815,29255.75,29341.6149308395,0.587283823
BTC/USD,2023-08-15 05:00:00+00:00,29346.7867252395,29456.468267,29076.25620225,29187.9359293,1.142521342
BTC/USD,2023-08-16 05:00:00+00:00,29182.1651,29209.01861,28337.1755,28614.713778,1.17686248
BTC/USD,2023-08-17 05:00:00+00:00,28610.144547025,28940.178014411,20843.672456575,26264.361548495,9.704489025
BTC/USD,2023-08-18 05:00:00+00:00,26254.5265,26605.9895,25638.125472,25977.763,3.729138733
BTC/USD,2023-08-19 05:00:00+00:00,25984.06694,26269.5952695945,25794.66770785,26115.145,1.075731104
BTC/USD,2023-08-20 05:00:00+00:00,26102.137,26294.6,25994.5765,26056.2,0.656650046
BTC/USD,2023-08-21 05:00:00+00:00,26053.6935,26588.8578371625,25860.47,26009.4185,1.927048348
BTC/USD,2023-08-22 05:00:00+00:00,26012.08,26170.1005,25518.165,26042.399,4.265630649
BTC/USD,2023-08-23 05:00:00+00:00,26041.8835,26786.862,25801.164,26448.935,3.257675463
BTC/USD,2023-08-24 05:00:00+00:00,26452.36,26561.095,25940.4475,26019.89,1.941513775
BTC/USD,2023-08-25 05:00:00+00:00,26017.478,26288.942,25772.2,26059.72,1.257719568
BTC/USD,2023-08-26 05:00:00+00:00,26042.84,26077.372,25957.655,26022.1685,0.26476534
BTC/USD,2023-08-27 05:00:00+00:00,26025.635,26170.5,25981.98,26010.765,0.486811616
BTC/USD,2023-08-28 05:00:00+00:00,26006.1,26223.8,25873.126873126,26032.6905,2.111866629
BTC/USD,2023-08-29 05:00:00+00:00,26062.415,29000.0,25919.9035,27436.6925,7.212835893
BTC/USD,2023-08-30 05:00:00+00:00,27450.67,27494.3685,27054.4,27247.2685,4.661561567
BTC/USD,2023-08-31 05:00:00+00:00,27252.955,27557.645,25693.196,26033.085,2.105294622
BTC/USD,2023-09-01 05:00:00+00:00,26019.87,26135.6185,25324.562,25767.95,2.753695132
BTC/USD,2023-09-02 05:00:00+00:00,25767.85,25970.3015,25754.7,25871.41,4.287266231
BTC/USD,2023-09-03 05:00:00+00:00,25875.565,26115.1,25812.0,25975.116,5.363935404
BTC/USD,2023-09-04 05:00:00+00:00,25985.12,26007.358,25550.5,25688.05,3.871083561
BTC/USD,2023-09-05 05:00:00+00:00,25689.65,25871.432,25631.438,25745.93,6.682910947
BTC/USD,2023-09-06 05:00:00+00:00,25748.68,25988.4365,25366.03,25803.645,1.395382963
BTC/USD,2023-09-07 05:00:00+00:00,25800.806,26431.579,25601.835,26309.161,1.468325265
BTC/USD,2023-09-08 05:00:00+00:00,26338.88,26361.837,25644.9875,25861.055,1.261568748
BTC/USD,2023-09-09 05:00:00+00:00,25862.37,25941.9275,25764.7865,25829.9685,1.086324754
BTC/USD,2023-09-10 05:00:00+00:00,25826.91,26008.749,25589.77,25766.3,0.722589743
BTC/USD,2023-09-11 05:00:00+00:00,25767.6125,25958.7395,24904.443,25751.1,2.049685558
BTC/USD,2023-09-12 05:00:00+00:00,25742.925,26526.505,25619.0,25917.26,2.095026917
BTC/USD,2023-09-13 05:00:00+00:00,25919.11,26537.7267278565,25845.96,26213.956,0.98363347
BTC/USD,2023-09-14 05:00:00+00:00,26205.45,26829.782,26158.6515,26649.95,1.668892689
BTC/USD,2023-09-15 05:00:00+00:00,26649.75,26879.191,26221.1275,26563.0595,1.881929461
BTC/USD,2023-09-16 05:00:00+00:00,26560.039,26618.545,26440.705,26562.576,1.932679362
BTC/USD,2023-09-17 05:00:00+00:00,26564.9365,26754.975,26404.231,26631.7685,0.454155081
BTC/USD,2023-09-18 05:00:00+00:00,26635.824,27415.393,26602.27,26853.825,4.354636295
BTC/USD,2023-09-19 05:00:00+00:00,26857.91,27487.38,26768.905,27084.11,2.545635085
BTC/USD,2023-09-20 05:00:00+00:00,27073.52,27290.7125,26819.84,27091.783,0.720201495
BTC/USD,2023-09-21 05:00:00+00:00,27098.49,27099.39,26383.3735,26646.789,0.992430615
BTC/USD,2023-09-22 05:00:00+00:00,26648.87,26733.4615,26505.795,26547.1485,0.41746901
BTC/USD,2023-09-23 05:00:00+00:00,26545.183,26641.171,26536.275,26569.8,0.452565571
BTC/USD,2023-09-24 05:00:00+00:00,26573.85,26720.7,26022.555,26142.75,0.570693714
BTC/USD,2023-09-25 05:00:00+00:00,26130.05,26459.2,26008.6275,26335.55,1.875563824
BTC/USD,2023-09-26 05:00:00+00:00,26335.4035,26351.2935,26082.013,26231.4,7.226201613
BTC/USD,2023-09-27 05:00:00+00:00,26233.731,26827.7655,26098.7325,26421.645,3.408034133
BTC/USD,2023-09-28 05:00:00+00:00,26423.091,27291.35,26361.6955,26969.955,1.332704769
BTC/USD,2023-09-29 05:00:00+00:00,26972.075,27234.47,26700.4355,26926.785,0.636731661
BTC/USD,2023-09-30 05:00:00+00:00,26924.0935,27091.8318705505,26910.125,27049.385,1.38226701
BTC/USD,2023-10-01 05:00:00+00:00,27050.96,28156.012,27041.38,28072.53,1.107144746
BTC/USD,2023-10-02 05:00:00+00:00,28070.23,28577.0395,27316.566,27633.665,1.400474311
BTC/USD,2023-10-03 05:00:00+00:00,27629.5695,27675.13,27168.274,27386.639,0.798294898
BTC/USD,2023-10-04 05:00:00+00:00,27386.198,27875.765,27335.511,27699.144,0.861763646
BTC/USD,2023-10-05 05:00:00+00:00,27701.965,28131.187,27376.655,27533.952,1.657899797
BTC/USD,2023-10-06 05:00:00+00:00,27524.6525,28236.633425,27180.7,27929.25,1.630867168
BTC/USD,2023-10-07 05:00:00+00:00,27924.365,28112.779,27874.8745,27951.1095,0.248988946
BTC/USD,2023-10-08 05:00:00+00:00,27957.89,28001.045385567,27723.218,27943.19,0.382764847
BTC/USD,2023-10-09 05:00:00+00:00,27947.95,27950.37,27298.82,27609.457,0.595855225
BTC/USD,2023-10-10 05:00:00+00:00,27608.92,27723.5289469875,26991.35,27125.933,1.362050436
BTC/USD,2023-10-11 05:00:00+00:00,27124.6655,27324.7445,26543.0885,26814.499,1.048099727
BTC/USD,2023-10-12 05:00:00+00:00,26814.13,26918.287,26551.5,26794.97,2.489643152
BTC/USD,2023-10-13 05:00:00+00:00,26800.8025,27104.013,26673.049,26907.783,0.448728018
BTC/USD,2023-10-14 05:00:00+00:00,26912.075,26953.372,26800.6735,26884.967,0.432458787
BTC/USD,2023-10-15 05:00:00+00:00,26880.461,27296.04,26804.24,27263.29,0.394121718
BTC/USD,2023-10-16 05:00:00+00:00,27263.5155,29789.0,26000.0,28198.33,5.147397218
BTC/USD,2023-10-17 05:00:00+00:00,28199.175,28992.33215,28131.1885,28731.8835,0.493416435
BTC/USD,2023-10-18 05:00:00+00:00,28757.648,28861.28,28152.36,28291.2155,0.667324257
BTC/USD,2023-10-19 05:00:00+00:00,28292.3465,29424.785,28249.644,29329.21,0.473733659
BTC/USD,2023-10-20 05:00:00+00:00,29340.3625,30189.7,29141.812,29563.0595,3.297854421
BTC/USD,2023-10-21 05:00:00+00:00,29561.3465,30320.2765,29555.0745,29969.0615,1.690812587
BTC/USD,2023-10-22 05:00:00+00:00,29975.2285,30829.0345,29713.103,30693.226,2.688417999
BTC/USD,2023-10-23 05:00:00+00:00,30669.0095,45400.0,30371.1335,34427.39,12.128474871
BTC/USD,2023-10-24 05:00:00+00:00,34406.5415,34862.275,32340.0,34191.685,5.768479094
BTC/USD,2023-10-25 05:00:00+00:00,34203.385,35135.935,33720.8225,34701.289,4.380482338
BTC/USD,2023-10-26 05:00:00+00:00,34721.05,34781.46,33748.0465,34109.1,2.132759662
BTC/USD,2023-10-27 05:00:00+00:00,34113.5,34252.545,33417.841,34088.6765,1.593084739
BTC/USD,2023-10-28 05:00:00+00:00,34106.815,34450.0,33943.8,34025.3665,0.445108843
BTC/USD,2023-10-29 05:00:00+00:00,34009.63,34755.4625,34009.63,34321.405,2.747141431
BTC/USD,2023-10-30 05:00:00+00:00,34335.438,34862.3,34091.5455,34243.43,5.140191813
BTC/USD,2023-10-31 05:00:00+00:00,34250.965,34727.545,34060.805,34444.9,0.820919023
BTC/USD,2023-11-01 05:00:00+00:00,34441.4675,35983.962,34116.698,35484.835,2.219523553
BTC/USD,2023-11-02 05:00:00+00:00,35486.35,35490.7775,34326.831,34386.025,1.71640219
BTC/USD,2023-11-03 05:00:00+00:00,34425.75,34865.3,34124.6575,34691.744,2.231631393
BTC/USD,2023-11-04 05:00:00+00:00,34679.64,35324.835,34601.515,35181.957,2.14535956
BTC/USD,2023-11-05 05:00:00+00:00,35173.85,35378.095,34509.224,34845.675,1.200081953
BTC/USD,2023-11-06 06:00:00+00:00,34845.0055,35286.525,34793.49,34913.7825,2.361255495
BTC/USD,2023-11-07 06:00:00+00:00,34922.551,35928.306,34546.4,35276.515,2.244194739
BTC/USD,2023-11-08 06:00:00+00:00,35270.4105,36869.7805,35154.81,36589.7905,1.750212472
BTC/USD,2023-11-09 06:00:00+00:00,36605.9485,37971.2345,36000.0,36768.015,4.86046203
BTC/USD,2023-11-10 06:00:00+00:00,36753.6635,37525.325,36375.62,37106.4445,1.20648591
BTC/USD,2023-11-11 06:00:00+00:00,37105.775,37297.198,36781.386,37096.9415,0.343177039
BTC/USD,2023-11-12 06:00:00+00:00,37117.47,37435.63,36868.9,36947.728,0.697515177
BTC/USD,2023-11-13 06:00:00+00:00,36935.008,37081.323,36210.3775,36641.4755,1.851182669
BTC/USD,2023-11-14 06:00:00+00:00,36634.0005,36772.3,32851.0,35620.4765,2.465057711
BTC/USD,2023-11-15 06:00:00+00:00,35613.21,37986.1,35538.865,37466.8835,3.231529536
BTC/USD,2023-11-16 06:00:00+00:00,37478.7,37632.4,35529.9945,36345.5875,3.444949135
BTC/USD,2023-11-17 06:00:00+00:00,36369.466,36737.975,35865.38,36360.625,0.715246892
BTC/USD,2023-11-18 06:00:00+00:00,36348.115,36846.972814695,36255.289,36534.1305,0.076864309
BTC/USD,2023-11-19 06:00:00+00:00,36544.802,37512.2515,36421.785,37156.3755,0.07318771
BTC/USD,2023-11-20 06:00:00+00:00,37157.445,37764.21,36904.277,37375.538,2.897300088
BTC/USD,2023-11-21 06:00:00+00:00,37377.015,37515.408,35658.8775,36372.6,4.846137157
BTC/USD,2023-11-22 06:00:00+00:00,36393.748,37837.67,36247.125,37346.01,2.559339322
BTC/USD,2023-11-23 06:00:00+00:00,37335.84,37528.21,36925.88,37440.758,0.966737279
BTC/USD,2023-11-24 06:00:00+00:00,37434.076,38420.7645,37366.885,37829.915,4.317170074
BTC/USD,2023-11-25 06:00:00+00:00,37843.39,37910.35,37627.85,37803.85,1.350437264
BTC/USD,2023-11-26 06:00:00+00:00,37805.8,37843.789,37179.25,37315.11,2.52172165
BTC/USD,2023-11-27 06:00:00+00:00,37323.8355,37472.66,36750.8435,36933.525,1.507728633
BTC/USD,2023-11-28 06:00:00+00:00,36901.035,38404.3875,36901.035,38056.5515,2.416483534
BTC/USD,2023-11-29 06:00:00+00:00,38053.85,38423.07,37602.688,37895.439,10.206069493
BTC/USD,2023-11-30 06:00:00+00:00,37894.065,38251.5645,37514.59,38153.885,1.359182186
BTC/USD,2023-12-01 06:00:00+00:00,38116.2815,39002.916,38082.745,38768.4165,3.718735367
BTC/USD,2023-12-02 06:00:00+00:00,38756.324,39716.2565,38707.7,39434.945,0.847861433
BTC/USD,2023-12-03 06:00:00+00:00,39430.86,41541.716,39396.544,41522.473,2.341953486
BTC/USD,2023-12-04 06:00:00+00:00,41520.945142,42404.79,41176.005,41901.1625,4.533652599
BTC/USD,2023-12-05 06:00:00+00:00,41902.175,44454.478,41000.0,43658.329,5.242800366
BTC/USD,2023-12-06 06:00:00+00:00,43663.7,44279.715,43464.0,43991.775,4.391060491
BTC/USD,2023-12-07 06:00:00+00:00,44017.55,44017.55,42956.384,43431.125,3.412174559
BTC/USD,2023-12-08 06:00:00+00:00,43421.6085,44741.162,43104.62,44295.3025,2.227009921
BTC/USD,2023-12-09 06:00:00+00:00,44300.2855,44360.01,43611.945,43895.5735,1.255168942
BTC/USD,2023-12-10 06:00:00+00:00,43896.81,44059.837,41536.1395,42027.158,3.360317523
BTC/USD,2023-12-11 06:00:00+00:00,42041.86,42490.651,40206.67,41547.545,3.683902044
BTC/USD,2023-12-12 06:00:00+00:00,41536.59,42067.05,40655.445,41002.75,1.771731833
BTC/USD,2023-12-13 06:00:00+00:00,40993.394,43434.466,40867.93,42809.2855,1.704485831
BTC/USD,2023-12-14 06:00:00+00:00,42803.065,43415.6555,34724.255,42602.8655,4.331700334
BTC/USD,2023-12-15 06:00:00+00:00,42619.41,43039.016,41678.98,42229.51,1.090353289
BTC/USD,2023-12-16 06:00:00+00:00,42261.2735,42691.494,41769.9185,41863.65,0.954414949
BTC/USD,2023-12-17 06:00:00+00:00,41905.1495,42360.09,40791.6425,40996.534,0.820840413
BTC/USD,2023-12-18 06:00:00+00:00,40986.446,43378.4195,40541.6245,42946.9345,3.04540762
BTC/USD,2023-12-19 06:00:00+00:00,42925.715,43258.773,41814.489,42701.8105,1.735240895
BTC/USD,2023-12-20 06:00:00+00:00,42712.565,44304.8005,42625.5535,43503.55,3.208473022
BTC/USD,2023-12-21 06:00:00+00:00,43467.513,44253.435,43390.06,44164.6955,1.517859762
BTC/USD,2023-12-22 06:00:00+00:00,44169.995,44404.6685,43362.05,43626.755,1.628496767
BTC/USD,2023-12-23 06:00:00+00:00,43672.94,43969.1255,43461.65,43501.845,0.044061275
BTC/USD,2023-12-24 06:00:00+00:00,43502.365,43889.8205,42607.9808799995,43237.585,1.970811591
BTC/USD,2023-12-25 06:00:00+00:00,43213.34,43797.4575,42712.3245,42767.37,0.156507323
BTC/USD,2023-12-26 06:00:00+00:00,42740.0835,42834.2,41787.96,42451.715,4.140447916
BTC/USD,2023-12-27 06:00:00+00:00,42469.95,43818.374,42395.71,43235.615,4.227928789
BTC/USD,2023-12-28 06:00:00+00:00,43219.05,43219.05,42168.317,42703.0,3.949964862
BTC/USD,2023-12-29 06:00:00+00:00,42677.465,43111.11,41552.05,42077.97,7.872202262
BTC/USD,2023-12-30 06:00:00+00:00,42105.11,42585.069,41536.217,42206.355,1.218781871
BTC/USD,2023-12-31 06:00:00+00:00,42177.102,42852.7,42103.7605,42225.54,1.06518695
BTC/USD,2024-01-01 06:00:00+00:00,42212.57,45535.13,42212.57,45223.8355,4.056627503
BTC/USD,2024-01-02 06:00:00+00:00,45219.15,45906.92,44683.36,45182.585,2.519302014
BTC/USD,2024-01-03 06:00:00+00:00,45207.93,45647.490306479,40823.7451532395,43216.6015,3.90730356
BTC/USD,2024-01-04 06:00:00+00:00,43245.398,44783.779,42727.8925,43687.249,1.96273658
BTC/USD,2024-01-05 06:00:00+00:00,43690.0865,44337.8665,43161.605,43736.8995,2.076535956
BTC/USD,2024-01-06 06:00:00+00:00,43715.7645,44276.25,43481.62,43910.565,2.055317997
BTC/USD,2024-01-07 06:00:00+00:00,43914.75,44508.9315,43221.64,43657.9,10.555542238
BTC/USD,2024-01-08 06:00:00+00:00,43661.5,47262.45,43637.095,46736.55,12.439443123
BTC/USD,2024-01-09 06:00:00+00:00,46755.25,47896.887,45323.59,46000.86,16.615694499
BTC/USD,2024-01-10 06:00:00+00:00,45997.333,47718.12,44356.9525,46143.635,10.122434201
BTC/USD,2024-01-11 06:00:00+00:00,46066.185,48971.04,45646.823,46202.215,15.311071881
BTC/USD,2024-01-12 06:00:00+00:00,46219.165,46369.5425,34406.9478908185,43080.6355,4.614384397
BTC/USD,2024-01-13 06:00:00+00:00,43102.256,43248.215,42519.6375,42739.917,2.56274324
BTC/USD,2024-01-14 06:00:00+00:00,42759.175,43065.055,41700.185,42722.313,0.503324517
BTC/USD,2024-01-15 06:00:00+00:00,42728.035,43325.29,42149.501,42728.0165,6.757627404
BTC/USD,2024-01-16 06:00:00+00:00,42694.5055,43568.727,42085.5985,42767.521,2.102010853
BTC/USD,2024-01-17 06:00:00+00:00,42781.35,42914.5,42154.752,42726.2535,1.08642952
BTC/USD,2024-01-18 06:00:00+00:00,42745.465,42874.6465,40618.37,41159.782,2.68323396
BTC/USD,2024-01-19 06:00:00+00:00,41130.19,42154.15,40267.465,41610.8715,2.496707193
BTC/USD,2024-01-20 06:00:00+00:00,41616.795,41836.165,41454.2065,41607.8915,0.314706923
BTC/USD,2024-01-21 06:00:00+00:00,41599.2975,41858.7155,40666.345,41092.515,0.473013269
BTC/USD,2024-01-22 06:00:00+00:00,41084.6465,41266.54,39421.445,40034.56,1.988394132
BTC/USD,2024-01-23 06:00:00+00:00,40054.17,40208.63,38529.247,39756.22,3.885810102
BTC/USD,2024-01-24 06:00:00+00:00,39785.2925,40498.819,39462.8065,39856.7065,2.007844465
BTC/USD,2024-01-25 06:00:00+00:00,39902.4585,40280.431,39523.62,40083.74,5.087930308
BTC/USD,2024-01-26 06:00:00+00:00,40081.068,42233.127,39880.232,41740.8645,1.352020352
BTC/USD,2024-01-27 06:00:00+00:00,41788.121,42836.021,41397.809,42527.756,0.677005854
BTC/USD,2024-01-28 06:00:00+00:00,42570.619,42675.667,41630.275,42148.587,0.081383655
BTC/USD,2024-01-29 06:00:00+00:00,42165.1,43790.0,41811.2625,43357.073,1.336654198
BTC/USD,2024-01-30 06:00:00+00:00,43362.3,43851.6825,42672.976,42957.265,1.715270249
BTC/USD,2024-01-31 06:00:00+00:00,42959.08,43712.6295,41844.9105,42103.0,1.267030656
BTC/USD,2024-02-01 06:00:00+00:00,42106.4195,43378.24,41909.9125,43083.16,3.281299052
BTC/USD,2024-02-02 06:00:00+00:00,43093.8245,43456.443,42531.8585,43153.9,1.012193535
BTC/USD,2024-02-03 06:00:00+00:00,43153.35,43255.243,42847.5285,42875.55,0.333019591
BTC/USD,2024-02-04 06:00:00+00:00,42872.0165,43103.1335,42241.295,42751.55,0.315973968
BTC/USD,2024-02-05 06:00:00+00:00,42754.63,43519.2575,42292.905,42739.9935,0.606404874
BTC/USD,2024-02-06 06:00:00+00:00,42733.285,43359.97,42616.552,43000.361,0.865373473
BTC/USD,2024-02-07 06:00:00+00:00,42990.734,44774.8415,42822.265,44547.857,4.170805263
BTC/USD,2024-02-08 06:00:00+00:00,44541.704,46390.165,44437.9955,46263.479,2.405754015
BTC/USD,2024-02-09 06:00:00+00:00,46229.18,48201.12,46135.3205,47363.635,3.274467089
BTC/USD,2024-02-10 06:00:00+00:00,47357.4365,48565.195,46897.846,48260.73,0.371330453
BTC/USD,2024-02-11 06:00:00+00:00,48278.585,48816.15,47973.71,48093.16,1.372050522
BTC/USD,2024-02-12 06:00:00+00:00,48091.0,50363.986876574,47720.045,50075.225,7.33873641
BTC/USD,2024-02-13 06:00:00+00:00,50058.67,50229.191,48374.25,49567.151,1.323785985
BTC/USD,2024-02-14 06:00:00+00:00,49576.3275,52547.945,49543.28,52003.613,4.096984195
BTC/USD,2024-02-15 06:00:00+00:00,52020.1085,52849.145,51366.74,52086.6,0.923858663
BTC/USD,2024-02-16 06:00:00+00:00,52099.562,52584.915,51663.845,51937.665,1.123847273
BTC/USD,2024-02-17 06:00:00+00:00,51925.2735,52008.9,50659.458,51678.811,1.872284487
BTC/USD,2024-02-18 06:00:00+00:00,51697.4,52415.448,51427.8,52164.518,0.244831494
BTC/USD,2024-02-19 06:00:00+00:00,52161.2,52514.223,51383.88,51909.92,0.688697786
BTC/USD,2024-02-20 06:00:00+00:00,51912.222,52999.11,50786.6785,51834.07,1.781378109
BTC/USD,2024-02-21 06:00:00+00:00,51855.59,51896.365,50633.62369727,51513.992,0.214622089
BTC/USD,2024-02-22 06:00:00+00:00,51510.57,52071.3,50940.171,51228.227,1.509113443
BTC/USD,2024-02-23 06:00:00+00:00,51239.85,51314.8025,50529.505,51054.65,0.625865796
BTC/USD,2024-02-24 06:00:00+00:00,51045.844,51853.4,50937.578,51674.862,0.105965658
BTC/USD,2024-02-25 06:00:00+00:00,51643.155,51949.496,51300.2715,51579.764,0.179616307
BTC/USD,2024-02-26 06:00:00+00:00,51585.7005,56974.4,50933.7405,56103.215,4.365615606
BTC/USD,2024-02-27 06:00:00+00:00,56158.8,57591.604,55863.011,57117.7595,2.566097696
BTC/USD,2024-02-28 06:00:00+00:00,57116.6395,64114.375314861,51116.625310173,62521.45,11.07236602
BTC/USD,2024-02-29 06:00:00+00:00,62504.9235,63654.5755,60390.816,61335.7055,6.677049422
BTC/USD,2024-03-01 06:00:00+00:00,61295.611,63110.2535,61219.93,62079.7935,6.626800627
BTC/USD,2024-03-02 06:00:00+00:00,62076.62,62344.33,61682.798,61943.201,0.840388591
BTC/USD,2024-03-03 06:00:00+00:00,61934.7,64265.162,61453.42,63395.746,1.675955527
BTC/USD,2024-03-04 06:00:00+00:00,63392.359,68828.19,63027.295285359,67002.88,11.111514001
BTC/USD,2024-03-05 06:00:00+00:00,66968.0045,70025.188916876,59553.34987593,66418.9025,9.885717424
BTC/USD,2024-03-06 06:00:00+00:00,66414.963,67594.1905,65045.3,65825.874,4.015954583
BTC/USD,2024-03-07 06:00:00+00:00,65892.55,68075.625,65735.19,67020.95,2.298479068
BTC/USD,2024-03-08 06:00:00+00:00,66997.61,70082.7355,66301.01,68366.0975,5.048351735
BTC/USD,2024-03-09 06:00:00+00:00,68378.55,69797.147,68122.592,69491.82,0.457743586
BTC/USD,2024-03-10 06:00:00+00:00,69471.659,70013.95,67668.933,68570.195,1.968419665
BTC/USD,2024-03-11 05:00:00+00:00,68610.1025,72912.6,68522.12,71803.755,5.033476259
BTC/USD,2024-03-12 05:00:00+00:00,71775.7855,72955.1805,69044.9895,72221.5068010075,3.457151467
BTC/USD,2024-03-13 05:00:00+00:00,72134.345,73664.725,71856.44,73004.412,1.673757762
BTC/USD,2024-03-14 05:00:00+00:00,73068.7,73787.78,66964.95,67426.351,6.116531167
BTC/USD,2024-03-15 05:00:00+00:00,67486.415,70606.895,65764.25,69005.623,8.522707231
BTC/USD,2024-03-16 05:00:00+00:00,69047.005,69443.135,64779.708,66317.7845,1.543534542
BTC/USD,2024-03-17 05:00:00+00:00,66365.4435,68869.2165,64540.295016129,68336.5,2.710817743
BTC/USD,2024-03-18 05:00:00+00:00,68298.6,68917.15,64937.5,65348.95,2.601948269
BTC/USD,2024-03-19 05:00:00+00:00,65493.63,65758.155,61107.8095,61681.6465,7.768646539
BTC/USD,2024-03-20 05:00:00+00:00,61709.8315,68208.605,60808.37,66727.57,4.708868009
BTC/USD,2024-03-21 05:00:00+00:00,66710.736,67660.44,64560.494,66181.9825,3.740581279
BTC/USD,2024-03-22 05:00:00+00:00,66239.7475,66614.2725,62398.398,63966.555,4.093037581
BTC/USD,2024-03-23 05:00:00+00:00,63902.412,66002.785,63757.405,64235.8585,0.361219766
BTC/USD,2024-03-24 05:00:00+00:00,64214.8715,67562.9325,64116.1,67512.463,0.589755526
BTC/USD,2024-03-25 05:00:00+00:00,67561.677,71240.7,66769.92,70617.613,9.681987033
BTC/USD,2024-03-26 05:00:00+00:00,70579.1295,71498.1285,69390.0605,70185.64,1.341993765
BTC/USD,2024-03-27 05:00:00+00:00,70227.3745,71717.955,68372.1,69665.7445,4.17283761
BTC/USD,2024-03-28 05:00:00+00:00,69702.76,71591.034,69580.105,70370.62,6.402450885
BTC/USD,2024-03-29 05:00:00+00:00,70403.108,70634.97,69126.545,70114.625,0.548823228
BTC/USD,2024-03-30 05:00:00+00:00,70192.8865,70366.75,69581.99,70148.4,0.141751686
BTC/USD,2024-03-31 05:00:00+00:00,70113.9305,71331.356297229,70105.59,70461.9,0.806793729
BTC/USD,2024-04-01 05:00:00+00:00,70502.2,70512.84,66416.8,66664.44,3.330243529
BTC/USD,2024-04-02 05:00:00+00:00,66702.8,67171.265,64458.518,66377.689,25.747100059
BTC/USD,2024-04-03 05:00:00+00:00,66407.395,66910.0455,65114.5405,65539.605,16.011659766
BTC/USD,2024-04-04 05:00:00+00:00,65500.9,69342.96,65398.281,67640.8055,9.847211063
BTC/USD,2024-04-05 05:00:00+00:00,67719.9,68622.705,66024.9,67731.55,0.623980606
BTC/USD,2024-04-06 05:00:00+00:00,67834.45,69737.765,67613.695,69357.516,0.806720785
BTC/USD,2024-04-07 05:00:00+00:00,69396.85,70278.119,68913.308,69412.315,0.298534229
BTC/USD,2024-04-08 05:00:00+00:00,69457.3,72707.95,69457.3,71203.29,3.427616107
BTC/USD,2024-04-09 05:00:00+00:00,71224.79,71314.4065,68298.482,69162.65,1.434014545
BTC/USD,2024-04-10 05:00:00+00:00,69161.935,71112.3365,67464.825,70573.155,2.50803271
BTC/USD,2024-04-11 05:00:00+00:00,70575.841,71292.313,69608.1005,71251.28,2.853763091
BTC/USD,2024-04-12 05:00:00+00:00,71139.8295,71139.8295,65757.035,67629.765,5.317996667
BTC/USD,2024-04-13 05:00:00+00:00,67733.56,68683.836832389,61000.0,64038.065,5.883821133
BTC/USD,2024-04-14 05:00:00+00:00,63970.58,65959.545,62706.585,64944.545,3.92207437
BTC/USD,2024-04-15 05:00:00+00:00,64977.0815,66874.0755,61809.6,62419.575,3.079269816
BTC/USD,2024-04-16 05:00:00+00:00,62467.2,64333.235,61634.99,64136.06,5.80550838
BTC/USD,2024-04-17 05:00:00+00:00,64091.8565,64503.4,59766.45,61659.39,4.636691835
BTC/USD,2024-04-18 05:00:00+00:00,61688.68,64132.7,59602.042,62441.1,5.444917881
BTC/USD,2024-04-19 05:00:00+00:00,62508.055,65488.5005,61834.677,64221.5365,5.908054626
BTC/USD,2024-04-20 05:00:00+00:00,64173.022,65701.325,63340.78,65143.1,0.661166763
BTC/USD,2024-04-21 05:00:00+00:00,65140.339,66096.9,64274.6385,65807.05,1.371721386
BTC/USD,2024-04-22 05:00:00+00:00,65740.728,67276.815,65692.945,66279.725,2.419705161
BTC/USD,2024-04-23 05:00:00+00:00,66347.0185,67160.376,65875.025,67040.275,0.743640247
BTC/USD,2024-04-24 05:00:00+00:00,67029.995,67094.8,63561.6,64331.97,1.800103727
BTC/USD,2024-04-25 05:00:00+00:00,64243.058,65287.935,62790.9181637715,64216.44,0.759376499
BTC/USD,2024-04-26 05:00:00+00:00,64140.11,64772.95,62422.42,63015.4,1.355924866
BTC/USD,2024-04-27 05:00:00+00:00,63036.1265,64336.04,62638.95,63832.915,1.497350598
BTC/USD,2024-04-28 05:00:00+00:00,63799.4,64005.8825,62220.23,62532.165,0.806877798
BTC/USD,2024-04-29 05:00:00+00:00,62464.355,64688.8345,61804.85,63372.2,2.529691844
BTC/USD,2024-04-30 05:00:00+00:00,63408.9385,63480.72,59099.5735,60202.09,4.922064534
BTC/USD,2024-05-01 05:00:00+00:00,60229.6,60257.23,56524.44,57319.902,30.054000315
BTC/USD,2024-05-02 05:00:00+00:00,57332.645,59976.38,57223.24,59591.755,2.356814388
BTC/USD,2024-05-03 05:00:00+00:00,59556.209,63630.6,58866.876,63065.8,2.383146047
BTC/USD,2024-05-04 05:00:00+00:00,63107.5095,64545.425,62928.4145,63351.59,1.532918115
BTC/USD,2024-05-05 05:00:00+00:00,63389.676,64643.333,63164.3,64163.15,0.45962532
BTC/USD,2024-05-06 05:00:00+00:00,64133.652,65455.6419395465,62757.939,63453.8,2.077109157
BTC/USD,2024-05-07 05:00:00+00:00,63422.59,64356.478,62171.575,62510.2,0.656296415
BTC/USD,2024-05-08 05:00:00+00:00,62489.955,62799.687,60891.095,61492.635,1.184104693
BTC/USD,2024-05-09 05:00:00+00:00,61538.256,63368.91,60647.73,62904.65,3.837655265
BTC/USD,2024-05-10 05:00:00+00:00,62883.69,63441.763,60212.5115,60779.7325,2.459047926
BTC/USD,2024-05-11 05:00:00+00:00,60791.89,61441.345,60517.7265,61078.225,0.349830444
BTC/USD,2024-05-12 05:00:00+00:00,61071.43,61779.8145,60641.22,60950.916,0.684475783
BTC/USD,2024-05-13 05:00:00+00:00,60921.5695,63434.593,60800.845,62495.845,1.481975566
BTC/USD,2024-05-14 05:00:00+00:00,62471.2175,62719.25,61121.5065,61906.834,0.469950382
BTC/USD,2024-05-15 05:00:00+00:00,61888.06,66685.7075,61812.416,65819.636,4.088063214
BTC/USD,2024-05-16 05:00:00+00:00,65840.2835,66687.05,64613.665,65468.6,2.359466405
BTC/USD,2024-05-17 05:00:00+00:00,65461.0895,67473.952,65445.95,66905.8455,1.510927037
BTC/USD,2024-05-18 05:00:00+00:00,66869.6935,67401.572,66664.24,67147.4495,0.111451119
BTC/USD,2024-05-19 05:00:00+00:00,67124.0,67716.18,65916.7515,67139.205,19.947725674
BTC/USD,2024-05-20 05:00:00+00:00,67166.445,71975.245,66352.185,70873.0435,2.566128828
BTC/USD,2024-05-21 05:00:00+00:00,70840.696,71444.145,69199.425,69578.845,7.354525939
BTC/USD,2024-05-22 05:00:00+00:00,69575.5375,70621.225,68971.49,69509.052,2.613399319
BTC/USD,2024-05-23 05:00:00+00:00,69495.896,70056.474,66485.188,67662.23,3.091300496
BTC/USD,2024-05-24 05:00:00+00:00,67609.9,69241.25,66631.89,68759.514,0.352649818
BTC/USD,2024-05-25 05:00:00+00:00,68730.108,69525.29918136,68593.2025,68964.9675,0.109101218
BTC/USD,2024-05-26 05:00:00+00:00,68920.8,69479.35,68227.875,68828.712,0.253474851
BTC/USD,2024-05-27 05:00:00+00:00,68745.553,70607.106460957,67459.2,67748.155,4.270222452
BTC/USD,2024-05-28 05:00:00+00:00,67722.1,68835.1835,67206.925,68758.6,3.587922426
BTC/USD,2024-05-29 05:00:00+00:00,68761.0045,68795.409,67146.0585,68132.297,0.791489371
BTC/USD,2024-05-30 05:00:00+00:00,68128.25,69508.005,67110.2,68493.7835,3.777051385
BTC/USD,2024-05-31 05:00:00+00:00,68476.4185,68989.3,66606.66,67643.2215,1.830738791
BTC/USD,2024-06-01 05:00:00+00:00,67647.5,67842.035,67537.454,67805.4365,0.521611478
BTC/USD,2024-06-02 05:00:00+00:00,67770.385,68748.0925,67357.405,68489.365,0.509500399
BTC/USD,2024-06-03 05:00:00+00:00,68509.751,70275.1765,68463.715,69047.9355,2.824953784
BTC/USD,2024-06-04 05:00:00+00:00,69006.095,71257.41,68564.1635,71226.091,6.400314237
BTC/USD,2024-06-05 05:00:00+00:00,71146.95,71736.9676322415,70370.321,71101.438,1.957128134
BTC/USD,2024-06-06 05:00:00+00:00,71059.9955,71622.498,70125.82,71202.73,1.82375264
BTC/USD,2024-06-07 05:00:00+00:00,71268.87,71924.646,68723.705,69313.21,1.152859656
BTC/USD,2024-06-08 05:00:00+00:00,69278.7,69574.1,69161.355,69326.73,0.559594684
BTC/USD,2024-06-09 05:00:00+00:00,69319.25,69866.8,69233.434,69668.3,0.667307171
BTC/USD,2024-06-10 05:00:00+00:00,69668.018,70163.14,67752.805,68037.3935,1.094937214
BTC/USD,2024-06-11 05:00:00+00:00,68013.95,68888.494415999,66177.3275,67460.125,6.165183942
BTC/USD,2024-06-12 05:00:00+00:00,67419.1745,69999.575,66969.145409429,67367.8985,5.880841317
BTC/USD,2024-06-13 05:00:00+00:00,67386.1,68393.91,66259.119,66740.613,3.249965795
BTC/USD,2024-06-14 05:00:00+00:00,66690.307,67335.2,65063.0087875,66226.6305,1.753338676
BTC/USD,2024-06-15 05:00:00+00:00,66218.59,66423.685,65853.125,66136.3155,3.169309497
BTC/USD,2024-06-16 05:00:00+00:00,66153.45,66924.35,66137.3545,66418.136,0.219420197
BTC/USD,2024-06-17 05:00:00+00:00,66397.885,67243.625,64600.469,65568.545,0.65930492
BTC/USD,2024-06-18 05:00:00+00:00,65631.0,65816.35,64080.002,65475.117,14.450362099
BTC/USD,2024-06-19 05:00:00+00:00,65473.7345,65664.53,64655.355,65289.2765,0.597951034
BTC/USD,2024-06-20 05:00:00+00:00,65293.2355,66464.0475,64338.905,64619.7795,0.569824963
BTC/USD,2024-06-21 05:00:00+00:00,64615.07,64691.955,63364.022,64323.197,1.700835787
BTC/USD,2024-06-22 05:00:00+00:00,64308.825,64512.5215,64201.312,64364.22,0.131238571
BTC/USD,2024-06-23 05:00:00+00:00,64366.077,64426.5,62633.8,62825.6,0.156748928
BTC/USD,2024-06-24 05:00:00+00:00,62781.028,62922.8,58515.0055,61358.515,27.269507053
BTC/USD,2024-06-25 05:00:00+00:00,61346.4425,62443.318613263,60617.2335,61713.818,21.543827405
BTC/USD,2024-06-26 05:00:00+00:00,61699.7985,61962.15,60694.7,61067.825,1.242180103
BTC/USD,2024-06-27 05:00:00+00:00,61075.831,62311.0895,60587.663,61674.6925,0.710816425
BTC/USD,2024-06-28 05:00:00+00:00,61639.8885,61776.95,59920.0065,60687.4325,1.567172109
BTC/USD,2024-06-29 05:00:00+00:00,60701.765,61125.0845,60630.6245,60683.55,0.106836201
BTC/USD,2024-06-30 05:00:00+00:00,60682.002,63740.0275,60622.1015,63178.732,0.366607636
BTC/USD,2024-07-01 05:00:00+00:00,63239.2165,63800.91,62465.75,62979.95,2.412273334
BTC/USD,2024-07-02 05:00:00+00:00,62970.1,63055.1,60675.2095,60784.5915,1.287656865
BTC/USD,2024-07-03 05:00:00+00:00,60780.62,61091.3,58000.0,58930.839,2.693326148
BTC/USD,2024-07-04 05:00:00+00:00,58950.878,59011.03,53598.014888337,53899.8305,4.698869739
BTC/USD,2024-07-05 05:00:00+00:00,53875.3225,57006.3755,53825.764,56089.208,22.647476205
BTC/USD,2024-07-06 05:00:00+00:00,56056.7705,58470.9255,56056.7705,57618.315,1.457207672
BTC/USD,2024-07-07 05:00:00+00:00,57625.9465,57916.2445,54360.463,55520.915,2.295876911
BTC/USD,2024-07-08 05:00:00+00:00,55454.2,58149.7375,55000.0,57300.55,2.323120024
BTC/USD,2024-07-09 05:00:00+00:00,57272.65,59380.7865,56979.335,59349.511,19.601861578
